Record Length,2500,Points,-22.49999903E-3,59.999998659E-3,
Sample Interval,9.999999747E-6,s,-22.48999849E-3,39.99999911E-3,
Trigger Point,2.2500001E3,Samples,-22.47999981E-3,39.99999911E-3,
,,,-22.46999927E-3,39.99999911E-3,
,,,-22.45999873E-3,39.99999911E-3,
,,,-22.44999819E-3,39.99999911E-3,
Source,CH1,,-22.43999951E-3,59.999998659E-3,
Vertical Units,Volts,,-22.42999896E-3,39.99999911E-3,
Vertical Scale,499.999988824E-3,,-22.41999842E-3,39.99999911E-3,
Vertical Offset,0,,-22.40999974E-3,59.999998659E-3,
Horizontal Units,s,,-22.39999920E-3,39.99999911E-3,
Horizontal Scale,2.4999999E-3,,-22.38999866E-3,39.99999911E-3,
Pt Fmt,Y,,-22.37999812E-3,59.999998659E-3,
Yzero,-4.04000000,,-22.36999944E-3,39.99999911E-3,
Probe Atten,1.000000,,-22.35999890E-3,59.999998659E-3,
,,,-22.34999835E-3,59.999998659E-3,
Note,TDS 1001B - 14:32:20   30/10/2024,,-22.33999968E-3,39.99999911E-3,
,,,-22.32999913E-3,39.99999911E-3,
,,,-22.31999859E-3,59.999998659E-3,
,,,-22.30999991E-3,59.999998659E-3,
,,,-22.29999937E-3,39.99999911E-3,
,,,-22.28999883E-3,39.99999911E-3,
,,,-22.27999829E-3,39.99999911E-3,
,,,-22.26999961E-3,39.99999911E-3,
,,,-22.25999907E-3,39.99999911E-3,
,,,-22.24999852E-3,39.99999911E-3,
,,,-22.23999985E-3,59.999998659E-3,
,,,-22.22999930E-3,59.999998659E-3,
,,,-22.21999876E-3,39.99999911E-3,
,,,-22.20999822E-3,39.99999911E-3,
,,,-22.19999954E-3,39.99999911E-3,
,,,-22.18999900E-3,39.99999911E-3,
,,,-22.17999846E-3,39.99999911E-3,
,,,-22.16999978E-3,59.999998659E-3,
,,,-22.15999924E-3,19.9999996E-3,
,,,-22.14999869E-3,39.99999911E-3,
,,,-22.13999815E-3,39.99999911E-3,
,,,-22.12999947E-3,39.99999911E-3,
,,,-22.11999893E-3,39.99999911E-3,
,,,-22.10999839E-3,39.99999911E-3,
,,,-22.09999971E-3,39.99999911E-3,
,,,-22.08999917E-3,19.9999996E-3,
,,,-22.07999863E-3,39.99999911E-3,
,,,-22.06999995E-3,59.999998659E-3,
,,,-22.05999941E-3,39.99999911E-3,
,,,-22.04999886E-3,39.99999911E-3,
,,,-22.03999832E-3,59.999998659E-3,
,,,-22.02999964E-3,39.99999911E-3,
,,,-22.01999910E-3,39.99999911E-3,
,,,-22.00999856E-3,39.99999911E-3,
,,,-21.99999988E-3,19.9999996E-3,
,,,-21.98999934E-3,39.99999911E-3,
,,,-21.97999880E-3,59.999998659E-3,
,,,-21.96999826E-3,39.99999911E-3,
,,,-21.95999958E-3,39.99999911E-3,
,,,-21.94999903E-3,39.99999911E-3,
,,,-21.93999849E-3,59.999998659E-3,
,,,-21.92999981E-3,39.99999911E-3,
,,,-21.91999927E-3,39.99999911E-3,
,,,-21.90999873E-3,39.99999911E-3,
,,,-21.89999819E-3,39.99999911E-3,
,,,-21.88999951E-3,39.99999911E-3,
,,,-21.87999897E-3,39.99999911E-3,
,,,-21.86999843E-3,39.99999911E-3,
,,,-21.85999975E-3,59.999998659E-3,
,,,-21.84999920E-3,39.99999911E-3,
,,,-21.83999866E-3,39.99999911E-3,
,,,-21.82999812E-3,59.999998659E-3,
,,,-21.81999944E-3,39.99999911E-3,
,,,-21.80999890E-3,19.9999996E-3,
,,,-21.79999836E-3,39.99999911E-3,
,,,-21.78999968E-3,39.99999911E-3,
,,,-21.77999914E-3,39.99999911E-3,
,,,-21.76999860E-3,39.99999911E-3,
,,,-21.75999992E-3,39.99999911E-3,
,,,-21.74999937E-3,39.99999911E-3,
,,,-21.73999883E-3,39.99999911E-3,
,,,-21.72999829E-3,39.99999911E-3,
,,,-21.71999961E-3,19.9999996E-3,
,,,-21.70999907E-3,39.99999911E-3,
,,,-21.69999853E-3,59.999998659E-3,
,,,-21.68999985E-3,39.99999911E-3,
,,,-21.67999931E-3,39.99999911E-3,
,,,-21.66999876E-3,39.99999911E-3,
,,,-21.65999822E-3,39.99999911E-3,
,,,-21.64999954E-3,59.999998659E-3,
,,,-21.63999900E-3,39.99999911E-3,
,,,-21.62999846E-3,39.99999911E-3,
,,,-21.61999978E-3,39.99999911E-3,
,,,-21.60999924E-3,39.99999911E-3,
,,,-21.59999870E-3,39.99999911E-3,
,,,-21.58999816E-3,39.99999911E-3,
,,,-21.57999948E-3,39.99999911E-3,
,,,-21.56999893E-3,39.99999911E-3,
,,,-21.55999839E-3,39.99999911E-3,
,,,-21.54999971E-3,39.99999911E-3,
,,,-21.53999917E-3,59.999998659E-3,
,,,-21.52999863E-3,59.999998659E-3,
,,,-21.51999995E-3,39.99999911E-3,
,,,-21.50999941E-3,39.99999911E-3,
,,,-21.49999887E-3,39.99999911E-3,
,,,-21.48999833E-3,39.99999911E-3,
,,,-21.47999965E-3,39.99999911E-3,
,,,-21.46999910E-3,59.999998659E-3,
,,,-21.45999856E-3,59.999998659E-3,
,,,-21.44999988E-3,39.99999911E-3,
,,,-21.43999934E-3,39.99999911E-3,
,,,-21.42999880E-3,39.99999911E-3,
,,,-21.41999826E-3,59.999998659E-3,
,,,-21.40999958E-3,39.99999911E-3,
,,,-21.39999904E-3,59.999998659E-3,
,,,-21.38999850E-3,39.99999911E-3,
,,,-21.37999982E-3,39.99999911E-3,
,,,-21.36999927E-3,59.999998659E-3,
,,,-21.35999873E-3,59.999998659E-3,
,,,-21.34999819E-3,39.99999911E-3,
,,,-21.33999951E-3,39.99999911E-3,
,,,-21.32999897E-3,19.9999996E-3,
,,,-21.31999843E-3,59.999998659E-3,
,,,-21.30999975E-3,59.999998659E-3,
,,,-21.29999921E-3,39.99999911E-3,
,,,-21.28999867E-3,59.999998659E-3,
,,,-21.27999999E-3,39.99999911E-3,
,,,-21.26999944E-3,59.999998659E-3,
,,,-21.25999890E-3,39.99999911E-3,
,,,-21.24999836E-3,59.999998659E-3,
,,,-21.23999968E-3,39.99999911E-3,
,,,-21.22999914E-3,39.99999911E-3,
,,,-21.21999860E-3,39.99999911E-3,
,,,-21.20999992E-3,39.99999911E-3,
,,,-21.19999938E-3,19.9999996E-3,
,,,-21.18999884E-3,59.999998659E-3,
,,,-21.17999829E-3,59.999998659E-3,
,,,-21.16999961E-3,59.999998659E-3,
,,,-21.15999907E-3,59.999998659E-3,
,,,-21.14999853E-3,39.99999911E-3,
,,,-21.13999985E-3,39.99999911E-3,
,,,-21.12999931E-3,59.999998659E-3,
,,,-21.11999877E-3,39.99999911E-3,
,,,-21.10999823E-3,59.999998659E-3,
,,,-21.09999955E-3,59.999998659E-3,
,,,-21.08999901E-3,59.999998659E-3,
,,,-21.07999846E-3,59.999998659E-3,
,,,-21.06999978E-3,59.999998659E-3,
,,,-21.05999924E-3,59.999998659E-3,
,,,-21.04999870E-3,59.999998659E-3,
,,,-21.03999816E-3,79.999998212E-3,
,,,-21.02999948E-3,99.999994040E-3,
,,,-21.01999894E-3,239.99999464E-3,
,,,-21.00999840E-3,579.999983311E-3,
,,,-20.99999972E-3,1.000000,
,,,-20.98999918E-3,1.6799999,
,,,-20.97999863E-3,2.2600000,
,,,-20.96999995E-3,1.8199999,
,,,-20.95999941E-3,1.2200000,
,,,-20.94999887E-3,839.999973774E-3,
,,,-20.93999833E-3,639.999985695E-3,
,,,-20.92999965E-3,519.999980927E-3,
,,,-20.91999911E-3,379.99999523E-3,
,,,-20.90999857E-3,280.00000119E-3,
,,,-20.89999989E-3,199.99998808E-3,
,,,-20.88999934E-3,140.0000006E-3,
,,,-20.87999880E-3,99.999994040E-3,
,,,-20.86999826E-3,79.999998212E-3,
,,,-20.85999958E-3,59.999998659E-3,
,,,-20.84999904E-3,59.999998659E-3,
,,,-20.83999850E-3,39.99999911E-3,
,,,-20.82999982E-3,59.999998659E-3,
,,,-20.81999928E-3,59.999998659E-3,
,,,-20.80999874E-3,59.999998659E-3,
,,,-20.79999819E-3,39.99999911E-3,
,,,-20.78999951E-3,59.999998659E-3,
,,,-20.77999897E-3,59.999998659E-3,
,,,-20.76999843E-3,59.999998659E-3,
,,,-20.75999975E-3,39.99999911E-3,
,,,-20.74999921E-3,39.99999911E-3,
,,,-20.73999867E-3,59.999998659E-3,
,,,-20.72999999E-3,39.99999911E-3,
,,,-20.71999945E-3,59.999998659E-3,
,,,-20.70999891E-3,39.99999911E-3,
,,,-20.69999836E-3,39.99999911E-3,
,,,-20.68999968E-3,39.99999911E-3,
,,,-20.67999914E-3,39.99999911E-3,
,,,-20.66999860E-3,19.9999996E-3,
,,,-20.65999992E-3,59.999998659E-3,
,,,-20.64999938E-3,39.99999911E-3,
,,,-20.63999884E-3,39.99999911E-3,
,,,-20.62999830E-3,39.99999911E-3,
,,,-20.61999962E-3,39.99999911E-3,
,,,-20.60999908E-3,39.99999911E-3,
,,,-20.59999853E-3,19.9999996E-3,
,,,-20.58999985E-3,59.999998659E-3,
,,,-20.57999931E-3,39.99999911E-3,
,,,-20.56999877E-3,59.999998659E-3,
,,,-20.55999823E-3,59.999998659E-3,
,,,-20.54999955E-3,39.99999911E-3,
,,,-20.53999901E-3,39.99999911E-3,
,,,-20.52999847E-3,39.99999911E-3,
,,,-20.51999979E-3,39.99999911E-3,
,,,-20.50999925E-3,39.99999911E-3,
,,,-20.49999870E-3,39.99999911E-3,
,,,-20.48999816E-3,59.999998659E-3,
,,,-20.47999948E-3,39.99999911E-3,
,,,-20.46999894E-3,59.999998659E-3,
,,,-20.45999840E-3,39.99999911E-3,
,,,-20.44999972E-3,39.99999911E-3,
,,,-20.43999918E-3,39.99999911E-3,
,,,-20.42999864E-3,39.99999911E-3,
,,,-20.41999996E-3,39.99999911E-3,
,,,-20.40999942E-3,59.999998659E-3,
,,,-20.39999887E-3,59.999998659E-3,
,,,-20.38999833E-3,39.99999911E-3,
,,,-20.37999965E-3,59.999998659E-3,
,,,-20.36999911E-3,39.99999911E-3,
,,,-20.35999857E-3,59.999998659E-3,
,,,-20.34999989E-3,59.999998659E-3,
,,,-20.33999935E-3,39.99999911E-3,
,,,-20.32999881E-3,39.99999911E-3,
,,,-20.31999826E-3,39.99999911E-3,
,,,-20.30999959E-3,39.99999911E-3,
,,,-20.29999904E-3,59.999998659E-3,
,,,-20.28999850E-3,59.999998659E-3,
,,,-20.27999982E-3,59.999998659E-3,
,,,-20.26999928E-3,39.99999911E-3,
,,,-20.25999874E-3,39.99999911E-3,
,,,-20.24999820E-3,59.999998659E-3,
,,,-20.23999952E-3,59.999998659E-3,
,,,-20.22999898E-3,79.999998212E-3,
,,,-20.21999843E-3,159.99999642E-3,
,,,-20.20999976E-3,439.999997616E-3,
,,,-20.19999921E-3,839.999973774E-3,
,,,-20.18999867E-3,1.4800000,
,,,-20.17999999E-3,2.1800001,
,,,-20.16999945E-3,2.2200000,
,,,-20.15999891E-3,1.5000000,
,,,-20.14999837E-3,1.000000,
,,,-20.13999969E-3,740.000009537E-3,
,,,-20.12999915E-3,579.999983311E-3,
,,,-20.11999860E-3,439.999997616E-3,
,,,-20.10999992E-3,319.99999285E-3,
,,,-20.09999938E-3,239.99999464E-3,
,,,-20.08999884E-3,179.99999225E-3,
,,,-20.0799983E-3,119.9999973E-3,
,,,-20.0699996E-3,99.999994040E-3,
,,,-20.0599991E-3,79.999998212E-3,
,,,-20.0499985E-3,79.999998212E-3,
,,,-20.0399999E-3,59.999998659E-3,
,,,-20.0299993E-3,59.999998659E-3,
,,,-20.0199988E-3,59.999998659E-3,
,,,-20.0099982E-3,59.999998659E-3,
,,,-19.9999996E-3,59.999998659E-3,
,,,-19.9899990E-3,39.99999911E-3,
,,,-19.9799985E-3,39.99999911E-3,
,,,-19.9699998E-3,39.99999911E-3,
,,,-19.9599992E-3,39.99999911E-3,
,,,-19.9499987E-3,39.99999911E-3,
,,,-19.9400000E-3,39.99999911E-3,
,,,-19.9299995E-3,39.99999911E-3,
,,,-19.9199989E-3,39.99999911E-3,
,,,-19.9099984E-3,39.99999911E-3,
,,,-19.8999997E-3,59.999998659E-3,
,,,-19.8899992E-3,39.99999911E-3,
,,,-19.8799986E-3,39.99999911E-3,
,,,-19.8700000E-3,39.99999911E-3,
,,,-19.8599994E-3,39.99999911E-3,
,,,-19.8499989E-3,59.999998659E-3,
,,,-19.8399983E-3,39.99999911E-3,
,,,-19.8299997E-3,39.99999911E-3,
,,,-19.8199991E-3,39.99999911E-3,
,,,-19.8099986E-3,19.9999996E-3,
,,,-19.7999999E-3,39.99999911E-3,
,,,-19.7899994E-3,39.99999911E-3,
,,,-19.7799988E-3,39.99999911E-3,
,,,-19.7699983E-3,59.999998659E-3,
,,,-19.7599996E-3,39.99999911E-3,
,,,-19.7499990E-3,39.99999911E-3,
,,,-19.7399985E-3,59.999998659E-3,
,,,-19.7299998E-3,39.99999911E-3,
,,,-19.7199993E-3,39.99999911E-3,
,,,-19.7099987E-3,39.99999911E-3,
,,,-19.6999982E-3,39.99999911E-3,
,,,-19.6899995E-3,39.99999911E-3,
,,,-19.6799990E-3,59.999998659E-3,
,,,-19.6699984E-3,39.99999911E-3,
,,,-19.6599998E-3,39.99999911E-3,
,,,-19.6499992E-3,39.99999911E-3,
,,,-19.6399987E-3,39.99999911E-3,
,,,-19.6300000E-3,39.99999911E-3,
,,,-19.6199995E-3,59.999998659E-3,
,,,-19.6099989E-3,39.99999911E-3,
,,,-19.5999984E-3,39.99999911E-3,
,,,-19.5899997E-3,39.99999911E-3,
,,,-19.5799991E-3,39.99999911E-3,
,,,-19.5699986E-3,59.999998659E-3,
,,,-19.5599999E-3,19.9999996E-3,
,,,-19.5499994E-3,39.99999911E-3,
,,,-19.5399988E-3,39.99999911E-3,
,,,-19.5299983E-3,39.99999911E-3,
,,,-19.5199996E-3,39.99999911E-3,
,,,-19.5099991E-3,39.99999911E-3,
,,,-19.4999985E-3,39.99999911E-3,
,,,-19.4899999E-3,39.99999911E-3,
,,,-19.4799993E-3,39.99999911E-3,
,,,-19.4699988E-3,39.99999911E-3,
,,,-19.4599982E-3,39.99999911E-3,
,,,-19.4499996E-3,39.99999911E-3,
,,,-19.4399990E-3,39.99999911E-3,
,,,-19.4299985E-3,59.999998659E-3,
,,,-19.4199998E-3,39.99999911E-3,
,,,-19.4099993E-3,59.999998659E-3,
,,,-19.3999987E-3,59.999998659E-3,
,,,-19.3900000E-3,59.999998659E-3,
,,,-19.3799995E-3,39.99999911E-3,
,,,-19.3699989E-3,39.99999911E-3,
,,,-19.3599984E-3,59.999998659E-3,
,,,-19.3499997E-3,59.999998659E-3,
,,,-19.3399992E-3,39.99999911E-3,
,,,-19.3299986E-3,59.999998659E-3,
,,,-19.3200000E-3,59.999998659E-3,
,,,-19.3099994E-3,39.99999911E-3,
,,,-19.2999989E-3,39.99999911E-3,
,,,-19.2899983E-3,59.999998659E-3,
,,,-19.2799997E-3,19.9999996E-3,
,,,-19.2699991E-3,39.99999911E-3,
,,,-19.2599986E-3,39.99999911E-3,
,,,-19.2499999E-3,39.99999911E-3,
,,,-19.2399994E-3,39.99999911E-3,
,,,-19.2299988E-3,59.999998659E-3,
,,,-19.2199983E-3,39.99999911E-3,
,,,-19.2099996E-3,39.99999911E-3,
,,,-19.1999990E-3,39.99999911E-3,
,,,-19.1899985E-3,59.999998659E-3,
,,,-19.1799998E-3,39.99999911E-3,
,,,-19.1699993E-3,59.999998659E-3,
,,,-19.1599987E-3,39.99999911E-3,
,,,-19.1499982E-3,39.99999911E-3,
,,,-19.1399995E-3,39.99999911E-3,
,,,-19.1299990E-3,39.99999911E-3,
,,,-19.1199984E-3,39.99999911E-3,
,,,-19.1099998E-3,59.999998659E-3,
,,,-19.0999992E-3,39.99999911E-3,
,,,-19.0899987E-3,39.99999911E-3,
,,,-19.0800000E-3,39.99999911E-3,
,,,-19.0699995E-3,39.99999911E-3,
,,,-19.0599989E-3,39.99999911E-3,
,,,-19.0499984E-3,39.99999911E-3,
,,,-19.0399997E-3,39.99999911E-3,
,,,-19.0299992E-3,39.99999911E-3,
,,,-19.0199986E-3,39.99999911E-3,
,,,-19.0099999E-3,59.999998659E-3,
,,,-18.9999994E-3,39.99999911E-3,
,,,-18.9899988E-3,59.999998659E-3,
,,,-18.9799983E-3,39.99999911E-3,
,,,-18.9699996E-3,39.99999911E-3,
,,,-18.9599991E-3,59.999998659E-3,
,,,-18.9499985E-3,39.99999911E-3,
,,,-18.9399999E-3,39.99999911E-3,
,,,-18.9299993E-3,39.99999911E-3,
,,,-18.9199988E-3,39.99999911E-3,
,,,-18.9099982E-3,39.99999911E-3,
,,,-18.8999996E-3,59.999998659E-3,
,,,-18.8899990E-3,59.999998659E-3,
,,,-18.8799985E-3,39.99999911E-3,
,,,-18.8699998E-3,39.99999911E-3,
,,,-18.8599993E-3,39.99999911E-3,
,,,-18.8499987E-3,39.99999911E-3,
,,,-18.8400000E-3,59.999998659E-3,
,,,-18.8299995E-3,39.99999911E-3,
,,,-18.8199989E-3,59.999998659E-3,
,,,-18.8099984E-3,39.99999911E-3,
,,,-18.7999997E-3,39.99999911E-3,
,,,-18.7899992E-3,59.999998659E-3,
,,,-18.7799986E-3,39.99999911E-3,
,,,-18.7700000E-3,39.99999911E-3,
,,,-18.7599994E-3,59.999998659E-3,
,,,-18.7499989E-3,39.99999911E-3,
,,,-18.7399983E-3,39.99999911E-3,
,,,-18.7299997E-3,39.99999911E-3,
,,,-18.7199991E-3,39.99999911E-3,
,,,-18.7099986E-3,39.99999911E-3,
,,,-18.6999999E-3,39.99999911E-3,
,,,-18.6899994E-3,39.99999911E-3,
,,,-18.6799988E-3,39.99999911E-3,
,,,-18.6699983E-3,59.999998659E-3,
,,,-18.6599996E-3,59.999998659E-3,
,,,-18.6499991E-3,39.99999911E-3,
,,,-18.6399985E-3,39.99999911E-3,
,,,-18.6299998E-3,39.99999911E-3,
,,,-18.6199993E-3,39.99999911E-3,
,,,-18.6099987E-3,39.99999911E-3,
,,,-18.5999982E-3,39.99999911E-3,
,,,-18.5899995E-3,39.99999911E-3,
,,,-18.5799990E-3,59.999998659E-3,
,,,-18.5699984E-3,39.99999911E-3,
,,,-18.5599998E-3,39.99999911E-3,
,,,-18.5499992E-3,39.99999911E-3,
,,,-18.5399987E-3,39.99999911E-3,
,,,-18.5300000E-3,59.999998659E-3,
,,,-18.5199995E-3,39.99999911E-3,
,,,-18.5099989E-3,39.99999911E-3,
,,,-18.4999984E-3,39.99999911E-3,
,,,-18.4899997E-3,39.99999911E-3,
,,,-18.4799992E-3,39.99999911E-3,
,,,-18.4699986E-3,39.99999911E-3,
,,,-18.4599999E-3,39.99999911E-3,
,,,-18.4499994E-3,39.99999911E-3,
,,,-18.4399989E-3,59.999998659E-3,
,,,-18.4299983E-3,59.999998659E-3,
,,,-18.4199996E-3,59.999998659E-3,
,,,-18.4099991E-3,39.99999911E-3,
,,,-18.3999985E-3,59.999998659E-3,
,,,-18.3899999E-3,39.99999911E-3,
,,,-18.3799993E-3,59.999998659E-3,
,,,-18.3699988E-3,39.99999911E-3,
,,,-18.3599982E-3,59.999998659E-3,
,,,-18.3499996E-3,59.999998659E-3,
,,,-18.3399990E-3,39.99999911E-3,
,,,-18.3299985E-3,39.99999911E-3,
,,,-18.3199998E-3,59.999998659E-3,
,,,-18.3099993E-3,39.99999911E-3,
,,,-18.2999987E-3,59.999998659E-3,
,,,-18.2900000E-3,39.99999911E-3,
,,,-18.2799995E-3,39.99999911E-3,
,,,-18.2699990E-3,59.999998659E-3,
,,,-18.2599984E-3,59.999998659E-3,
,,,-18.2499997E-3,39.99999911E-3,
,,,-18.2399992E-3,39.99999911E-3,
,,,-18.2299986E-3,39.99999911E-3,
,,,-18.2200000E-3,39.99999911E-3,
,,,-18.2099994E-3,39.99999911E-3,
,,,-18.1999989E-3,39.99999911E-3,
,,,-18.1899983E-3,39.99999911E-3,
,,,-18.1799997E-3,59.999998659E-3,
,,,-18.1699991E-3,39.99999911E-3,
,,,-18.1599986E-3,59.999998659E-3,
,,,-18.1499999E-3,59.999998659E-3,
,,,-18.1399994E-3,39.99999911E-3,
,,,-18.1299988E-3,39.99999911E-3,
,,,-18.1199983E-3,59.999998659E-3,
,,,-18.1099996E-3,59.999998659E-3,
,,,-18.0999991E-3,59.999998659E-3,
,,,-18.0899985E-3,59.999998659E-3,
,,,-18.0799998E-3,39.99999911E-3,
,,,-18.0699993E-3,59.999998659E-3,
,,,-18.0599988E-3,59.999998659E-3,
,,,-18.0500001E-3,59.999998659E-3,
,,,-18.0399995E-3,39.99999911E-3,
,,,-18.0299990E-3,39.99999911E-3,
,,,-18.0199984E-3,39.99999911E-3,
,,,-18.0099998E-3,39.99999911E-3,
,,,-17.9999992E-3,39.99999911E-3,
,,,-17.9899987E-3,59.999998659E-3,
,,,-17.9800000E-3,39.99999911E-3,
,,,-17.9699995E-3,39.99999911E-3,
,,,-17.9599989E-3,59.999998659E-3,
,,,-17.9499984E-3,39.99999911E-3,
,,,-17.9399997E-3,39.99999911E-3,
,,,-17.9299992E-3,39.99999911E-3,
,,,-17.9199986E-3,39.99999911E-3,
,,,-17.9099999E-3,59.999998659E-3,
,,,-17.8999994E-3,59.999998659E-3,
,,,-17.8899989E-3,59.999998659E-3,
,,,-17.8799983E-3,39.99999911E-3,
,,,-17.8699996E-3,39.99999911E-3,
,,,-17.8599991E-3,59.999998659E-3,
,,,-17.8499985E-3,39.99999911E-3,
,,,-17.8399999E-3,59.999998659E-3,
,,,-17.8299993E-3,59.999998659E-3,
,,,-17.8199988E-3,59.999998659E-3,
,,,-17.8099982E-3,39.99999911E-3,
,,,-17.7999996E-3,59.999998659E-3,
,,,-17.7899990E-3,39.99999911E-3,
,,,-17.7799985E-3,39.99999911E-3,
,,,-17.7699998E-3,59.999998659E-3,
,,,-17.7599993E-3,59.999998659E-3,
,,,-17.7499987E-3,39.99999911E-3,
,,,-17.7400000E-3,39.99999911E-3,
,,,-17.7299995E-3,19.9999996E-3,
,,,-17.7199990E-3,59.999998659E-3,
,,,-17.7099984E-3,59.999998659E-3,
,,,-17.6999997E-3,59.999998659E-3,
,,,-17.6899992E-3,39.99999911E-3,
,,,-17.6799987E-3,39.99999911E-3,
,,,-17.6700000E-3,59.999998659E-3,
,,,-17.6599994E-3,39.99999911E-3,
,,,-17.6499989E-3,39.99999911E-3,
,,,-17.6399983E-3,39.99999911E-3,
,,,-17.6299997E-3,39.99999911E-3,
,,,-17.6199991E-3,39.99999911E-3,
,,,-17.6099986E-3,39.99999911E-3,
,,,-17.5999999E-3,39.99999911E-3,
,,,-17.5899994E-3,39.99999911E-3,
,,,-17.5799988E-3,39.99999911E-3,
,,,-17.5699983E-3,39.99999911E-3,
,,,-17.5599996E-3,39.99999911E-3,
,,,-17.5499991E-3,59.999998659E-3,
,,,-17.5399985E-3,59.999998659E-3,
,,,-17.5299998E-3,39.99999911E-3,
,,,-17.5199993E-3,39.99999911E-3,
,,,-17.5099988E-3,39.99999911E-3,
,,,-17.5000001E-3,59.999998659E-3,
,,,-17.4899995E-3,39.99999911E-3,
,,,-17.4799990E-3,19.9999996E-3,
,,,-17.4699984E-3,59.999998659E-3,
,,,-17.4599998E-3,39.99999911E-3,
,,,-17.4499992E-3,59.999998659E-3,
,,,-17.4399987E-3,39.99999911E-3,
,,,-17.4300000E-3,59.999998659E-3,
,,,-17.4199995E-3,39.99999911E-3,
,,,-17.4099989E-3,39.99999911E-3,
,,,-17.3999984E-3,39.99999911E-3,
,,,-17.3899997E-3,39.99999911E-3,
,,,-17.3799992E-3,39.99999911E-3,
,,,-17.3699986E-3,59.999998659E-3,
,,,-17.3599999E-3,39.99999911E-3,
,,,-17.3499994E-3,39.99999911E-3,
,,,-17.3399989E-3,19.9999996E-3,
,,,-17.3299983E-3,59.999998659E-3,
,,,-17.3199996E-3,19.9999996E-3,
,,,-17.3099991E-3,59.999998659E-3,
,,,-17.2999986E-3,39.99999911E-3,
,,,-17.2899999E-3,59.999998659E-3,
,,,-17.2799993E-3,39.99999911E-3,
,,,-17.2699988E-3,59.999998659E-3,
,,,-17.2599982E-3,59.999998659E-3,
,,,-17.2499996E-3,59.999998659E-3,
,,,-17.2399990E-3,59.999998659E-3,
,,,-17.2299985E-3,39.99999911E-3,
,,,-17.2199998E-3,59.999998659E-3,
,,,-17.2099993E-3,59.999998659E-3,
,,,-17.1999987E-3,39.99999911E-3,
,,,-17.1900000E-3,59.999998659E-3,
,,,-17.1799995E-3,59.999998659E-3,
,,,-17.1699990E-3,59.999998659E-3,
,,,-17.1599984E-3,59.999998659E-3,
,,,-17.1499997E-3,39.99999911E-3,
,,,-17.1399992E-3,39.99999911E-3,
,,,-17.1299987E-3,39.99999911E-3,
,,,-17.1200000E-3,59.999998659E-3,
,,,-17.1099994E-3,59.999998659E-3,
,,,-17.0999989E-3,39.99999911E-3,
,,,-17.0899983E-3,59.999998659E-3,
,,,-17.0799997E-3,59.999998659E-3,
,,,-17.0699991E-3,59.999998659E-3,
,,,-17.0599986E-3,39.99999911E-3,
,,,-17.0499999E-3,39.99999911E-3,
,,,-17.0399994E-3,39.99999911E-3,
,,,-17.0299988E-3,39.99999911E-3,
,,,-17.0199983E-3,59.999998659E-3,
,,,-17.0099996E-3,39.99999911E-3,
,,,-16.9999991E-3,39.99999911E-3,
,,,-16.9899985E-3,39.99999911E-3,
,,,-16.9799998E-3,39.99999911E-3,
,,,-16.9699993E-3,59.999998659E-3,
,,,-16.9599988E-3,39.99999911E-3,
,,,-16.9500001E-3,39.99999911E-3,
,,,-16.9399995E-3,59.999998659E-3,
,,,-16.9299990E-3,39.99999911E-3,
,,,-16.9199985E-3,59.999998659E-3,
,,,-16.9099998E-3,39.99999911E-3,
,,,-16.8999992E-3,39.99999911E-3,
,,,-16.8899987E-3,19.9999996E-3,
,,,-16.8800000E-3,39.99999911E-3,
,,,-16.8699995E-3,39.99999911E-3,
,,,-16.8599989E-3,39.99999911E-3,
,,,-16.8499984E-3,39.99999911E-3,
,,,-16.8399997E-3,59.999998659E-3,
,,,-16.8299992E-3,39.99999911E-3,
,,,-16.8199986E-3,39.99999911E-3,
,,,-16.8099999E-3,39.99999911E-3,
,,,-16.7999994E-3,39.99999911E-3,
,,,-16.7899989E-3,59.999998659E-3,
,,,-16.7799983E-3,59.999998659E-3,
,,,-16.7699996E-3,39.99999911E-3,
,,,-16.7599991E-3,39.99999911E-3,
,,,-16.7499986E-3,59.999998659E-3,
,,,-16.7399999E-3,39.99999911E-3,
,,,-16.7299993E-3,59.999998659E-3,
,,,-16.7199988E-3,59.999998659E-3,
,,,-16.7099983E-3,59.999998659E-3,
,,,-16.6999996E-3,39.99999911E-3,
,,,-16.6899990E-3,59.999998659E-3,
,,,-16.6799985E-3,39.99999911E-3,
,,,-16.6699998E-3,59.999998659E-3,
,,,-16.6599993E-3,59.999998659E-3,
,,,-16.6499987E-3,39.99999911E-3,
,,,-16.6400000E-3,39.99999911E-3,
,,,-16.6299995E-3,39.99999911E-3,
,,,-16.6199990E-3,59.999998659E-3,
,,,-16.6099984E-3,39.99999911E-3,
,,,-16.5999997E-3,39.99999911E-3,
,,,-16.5899992E-3,39.99999911E-3,
,,,-16.5799987E-3,59.999998659E-3,
,,,-16.5700000E-3,59.999998659E-3,
,,,-16.5599994E-3,59.999998659E-3,
,,,-16.5499989E-3,59.999998659E-3,
,,,-16.5399984E-3,39.99999911E-3,
,,,-16.5299997E-3,39.99999911E-3,
,,,-16.5199991E-3,59.999998659E-3,
,,,-16.5099986E-3,39.99999911E-3,
,,,-16.4999999E-3,59.999998659E-3,
,,,-16.4899994E-3,39.99999911E-3,
,,,-16.4799988E-3,59.999998659E-3,
,,,-16.4699983E-3,59.999998659E-3,
,,,-16.4599996E-3,39.99999911E-3,
,,,-16.4499991E-3,39.99999911E-3,
,,,-16.4399985E-3,59.999998659E-3,
,,,-16.4299998E-3,39.99999911E-3,
,,,-16.4199993E-3,59.999998659E-3,
,,,-16.4099988E-3,59.999998659E-3,
,,,-16.4000001E-3,59.999998659E-3,
,,,-16.3899995E-3,59.999998659E-3,
,,,-16.3799990E-3,59.999998659E-3,
,,,-16.3699985E-3,39.99999911E-3,
,,,-16.3599998E-3,39.99999911E-3,
,,,-16.3499992E-3,59.999998659E-3,
,,,-16.3399987E-3,59.999998659E-3,
,,,-16.3300000E-3,39.99999911E-3,
,,,-16.3199995E-3,59.999998659E-3,
,,,-16.3099989E-3,39.99999911E-3,
,,,-16.2999984E-3,59.999998659E-3,
,,,-16.2899997E-3,39.99999911E-3,
,,,-16.2799992E-3,59.999998659E-3,
,,,-16.2699986E-3,39.99999911E-3,
,,,-16.2599999E-3,59.999998659E-3,
,,,-16.2499994E-3,39.99999911E-3,
,,,-16.2399989E-3,39.99999911E-3,
,,,-16.2299983E-3,39.99999911E-3,
,,,-16.2199996E-3,39.99999911E-3,
,,,-16.2099991E-3,59.999998659E-3,
,,,-16.1999986E-3,39.99999911E-3,
,,,-16.1899999E-3,59.999998659E-3,
,,,-16.1799993E-3,39.99999911E-3,
,,,-16.1699988E-3,39.99999911E-3,
,,,-16.1600001E-3,39.99999911E-3,
,,,-16.1499996E-3,59.999998659E-3,
,,,-16.1399990E-3,59.999998659E-3,
,,,-16.1299985E-3,39.99999911E-3,
,,,-16.1199998E-3,39.99999911E-3,
,,,-16.1099993E-3,59.999998659E-3,
,,,-16.0999987E-3,59.999998659E-3,
,,,-16.0900000E-3,39.99999911E-3,
,,,-16.0799995E-3,59.999998659E-3,
,,,-16.0699990E-3,39.99999911E-3,
,,,-16.0599984E-3,39.99999911E-3,
,,,-16.0499997E-3,39.99999911E-3,
,,,-16.0399992E-3,59.999998659E-3,
,,,-16.0299987E-3,39.99999911E-3,
,,,-16.0200000E-3,39.99999911E-3,
,,,-16.0099994E-3,39.99999911E-3,
,,,-15.9999989E-3,19.9999996E-3,
,,,-15.9899984E-3,39.99999911E-3,
,,,-15.9799997E-3,39.99999911E-3,
,,,-15.9699991E-3,39.99999911E-3,
,,,-15.9599986E-3,39.99999911E-3,
,,,-15.9499999E-3,39.99999911E-3,
,,,-15.9399994E-3,39.99999911E-3,
,,,-15.9299988E-3,39.99999911E-3,
,,,-15.9199983E-3,39.99999911E-3,
,,,-15.9099996E-3,59.999998659E-3,
,,,-15.8999991E-3,39.99999911E-3,
,,,-15.8899985E-3,39.99999911E-3,
,,,-15.8799998E-3,39.99999911E-3,
,,,-15.8699993E-3,59.999998659E-3,
,,,-15.8599988E-3,39.99999911E-3,
,,,-15.8500001E-3,59.999998659E-3,
,,,-15.8399995E-3,59.999998659E-3,
,,,-15.8299990E-3,39.99999911E-3,
,,,-15.8199985E-3,39.99999911E-3,
,,,-15.8099998E-3,39.99999911E-3,
,,,-15.7999992E-3,39.99999911E-3,
,,,-15.7899987E-3,59.999998659E-3,
,,,-15.7800000E-3,39.99999911E-3,
,,,-15.7699995E-3,39.99999911E-3,
,,,-15.7599989E-3,39.99999911E-3,
,,,-15.7499984E-3,59.999998659E-3,
,,,-15.7399997E-3,39.99999911E-3,
,,,-15.7299992E-3,39.99999911E-3,
,,,-15.7199986E-3,39.99999911E-3,
,,,-15.7099999E-3,39.99999911E-3,
,,,-15.6999994E-3,59.999998659E-3,
,,,-15.6899989E-3,59.999998659E-3,
,,,-15.6799983E-3,39.99999911E-3,
,,,-15.6699996E-3,59.999998659E-3,
,,,-15.6599991E-3,59.999998659E-3,
,,,-15.6499986E-3,39.99999911E-3,
,,,-15.6399999E-3,39.99999911E-3,
,,,-15.6299993E-3,39.99999911E-3,
,,,-15.6199988E-3,39.99999911E-3,
,,,-15.6099992E-3,39.99999911E-3,
,,,-15.5999996E-3,59.999998659E-3,
,,,-15.5899990E-3,59.999998659E-3,
,,,-15.5799994E-3,39.99999911E-3,
,,,-15.5699989E-3,59.999998659E-3,
,,,-15.5599993E-3,39.99999911E-3,
,,,-15.5499997E-3,59.999998659E-3,
,,,-15.5399991E-3,39.99999911E-3,
,,,-15.5299995E-3,59.999998659E-3,
,,,-15.5199990E-3,39.99999911E-3,
,,,-15.5099994E-3,39.99999911E-3,
,,,-15.4999988E-3,39.99999911E-3,
,,,-15.4899992E-3,39.99999911E-3,
,,,-15.4799996E-3,39.99999911E-3,
,,,-15.4699991E-3,39.99999911E-3,
,,,-15.4599994E-3,39.99999911E-3,
,,,-15.4499989E-3,59.999998659E-3,
,,,-15.4399993E-3,39.99999911E-3,
,,,-15.4299987E-3,39.99999911E-3,
,,,-15.4199991E-3,39.99999911E-3,
,,,-15.4099995E-3,59.999998659E-3,
,,,-15.3999990E-3,39.99999911E-3,
,,,-15.3899994E-3,19.9999996E-3,
,,,-15.3799988E-3,59.999998659E-3,
,,,-15.3699992E-3,59.999998659E-3,
,,,-15.3599996E-3,39.99999911E-3,
,,,-15.3499991E-3,59.999998659E-3,
,,,-15.3399995E-3,39.99999911E-3,
,,,-15.3299989E-3,39.99999911E-3,
,,,-15.3199993E-3,59.999998659E-3,
,,,-15.3099988E-3,39.99999911E-3,
,,,-15.2999992E-3,59.999998659E-3,
,,,-15.2899995E-3,59.999998659E-3,
,,,-15.2799990E-3,39.99999911E-3,
,,,-15.2699994E-3,59.999998659E-3,
,,,-15.2599989E-3,39.99999911E-3,
,,,-15.2499992E-3,39.99999911E-3,
,,,-15.2399996E-3,39.99999911E-3,
,,,-15.2299991E-3,39.99999911E-3,
,,,-15.2199995E-3,59.999998659E-3,
,,,-15.2099989E-3,59.999998659E-3,
,,,-15.1999993E-3,59.999998659E-3,
,,,-15.1899988E-3,59.999998659E-3,
,,,-15.1799992E-3,39.99999911E-3,
,,,-15.1699996E-3,39.99999911E-3,
,,,-15.1599990E-3,39.99999911E-3,
,,,-15.1499994E-3,39.99999911E-3,
,,,-15.1399989E-3,39.99999911E-3,
,,,-15.1299993E-3,59.999998659E-3,
,,,-15.1199996E-3,59.999998659E-3,
,,,-15.1099991E-3,39.99999911E-3,
,,,-15.0999995E-3,39.99999911E-3,
,,,-15.0899990E-3,59.999998659E-3,
,,,-15.0799993E-3,59.999998659E-3,
,,,-15.0699988E-3,39.99999911E-3,
,,,-15.0599992E-3,39.99999911E-3,
,,,-15.0499996E-3,39.99999911E-3,
,,,-15.0399990E-3,39.99999911E-3,
,,,-15.0299994E-3,39.99999911E-3,
,,,-15.0199989E-3,39.99999911E-3,
,,,-15.0099993E-3,39.99999911E-3,
,,,-14.9999997E-3,59.999998659E-3,
,,,-14.9899991E-3,39.99999911E-3,
,,,-14.9799995E-3,39.99999911E-3,
,,,-14.9699990E-3,39.99999911E-3,
,,,-14.9599994E-3,59.999998659E-3,
,,,-14.9499988E-3,39.99999911E-3,
,,,-14.9399992E-3,39.99999911E-3,
,,,-14.9299996E-3,39.99999911E-3,
,,,-14.9199991E-3,39.99999911E-3,
,,,-14.9099994E-3,39.99999911E-3,
,,,-14.8999989E-3,39.99999911E-3,
,,,-14.8899993E-3,39.99999911E-3,
,,,-14.8799997E-3,59.999998659E-3,
,,,-14.8699991E-3,59.999998659E-3,
,,,-14.8599995E-3,39.99999911E-3,
,,,-14.8499990E-3,39.99999911E-3,
,,,-14.8399994E-3,39.99999911E-3,
,,,-14.8299988E-3,39.99999911E-3,
,,,-14.8199992E-3,39.99999911E-3,
,,,-14.8099996E-3,39.99999911E-3,
,,,-14.7999991E-3,59.999998659E-3,
,,,-14.7899995E-3,59.999998659E-3,
,,,-14.7799989E-3,39.99999911E-3,
,,,-14.7699993E-3,39.99999911E-3,
,,,-14.7599988E-3,19.9999996E-3,
,,,-14.7499992E-3,39.99999911E-3,
,,,-14.7399995E-3,39.99999911E-3,
,,,-14.7299990E-3,59.999998659E-3,
,,,-14.7199994E-3,39.99999911E-3,
,,,-14.7099989E-3,39.99999911E-3,
,,,-14.6999992E-3,39.99999911E-3,
,,,-14.6899996E-3,39.99999911E-3,
,,,-14.6799991E-3,39.99999911E-3,
,,,-14.6699995E-3,39.99999911E-3,
,,,-14.6599989E-3,39.99999911E-3,
,,,-14.6499993E-3,19.9999996E-3,
,,,-14.6399988E-3,59.999998659E-3,
,,,-14.6299992E-3,39.99999911E-3,
,,,-14.6199996E-3,19.9999996E-3,
,,,-14.6099990E-3,39.99999911E-3,
,,,-14.5999994E-3,39.99999911E-3,
,,,-14.5899989E-3,59.999998659E-3,
,,,-14.5799993E-3,39.99999911E-3,
,,,-14.5699997E-3,39.99999911E-3,
,,,-14.5599991E-3,59.999998659E-3,
,,,-14.5499995E-3,39.99999911E-3,
,,,-14.5399990E-3,39.99999911E-3,
,,,-14.5299993E-3,39.99999911E-3,
,,,-14.5199988E-3,39.99999911E-3,
,,,-14.5099992E-3,59.999998659E-3,
,,,-14.4999996E-3,39.99999911E-3,
,,,-14.4899990E-3,39.99999911E-3,
,,,-14.4799994E-3,59.999998659E-3,
,,,-14.4699989E-3,59.999998659E-3,
,,,-14.4599993E-3,59.999998659E-3,
,,,-14.4499997E-3,39.99999911E-3,
,,,-14.4399991E-3,59.999998659E-3,
,,,-14.4299995E-3,39.99999911E-3,
,,,-14.4199990E-3,39.99999911E-3,
,,,-14.4099994E-3,59.999998659E-3,
,,,-14.3999988E-3,39.99999911E-3,
,,,-14.3899992E-3,39.99999911E-3,
,,,-14.3799996E-3,39.99999911E-3,
,,,-14.3699991E-3,39.99999911E-3,
,,,-14.3599994E-3,59.999998659E-3,
,,,-14.3499989E-3,19.9999996E-3,
,,,-14.3399993E-3,59.999998659E-3,
,,,-14.3299997E-3,39.99999911E-3,
,,,-14.3199991E-3,39.99999911E-3,
,,,-14.3099995E-3,39.99999911E-3,
,,,-14.2999990E-3,59.999998659E-3,
,,,-14.2899994E-3,39.99999911E-3,
,,,-14.2799988E-3,39.99999911E-3,
,,,-14.2699992E-3,39.99999911E-3,
,,,-14.2599996E-3,59.999998659E-3,
,,,-14.2499991E-3,39.99999911E-3,
,,,-14.2399995E-3,39.99999911E-3,
,,,-14.2299989E-3,39.99999911E-3,
,,,-14.2199993E-3,59.999998659E-3,
,,,-14.2099997E-3,39.99999911E-3,
,,,-14.1999992E-3,59.999998659E-3,
,,,-14.1899996E-3,59.999998659E-3,
,,,-14.1799990E-3,59.999998659E-3,
,,,-14.1699994E-3,39.99999911E-3,
,,,-14.1599989E-3,39.99999911E-3,
,,,-14.1499992E-3,39.99999911E-3,
,,,-14.1399996E-3,39.99999911E-3,
,,,-14.1299991E-3,39.99999911E-3,
,,,-14.1199995E-3,19.9999996E-3,
,,,-14.1099989E-3,59.999998659E-3,
,,,-14.0999993E-3,39.99999911E-3,
,,,-14.0899988E-3,39.99999911E-3,
,,,-14.0799992E-3,39.99999911E-3,
,,,-14.0699996E-3,39.99999911E-3,
,,,-14.0599990E-3,59.999998659E-3,
,,,-14.0499994E-3,39.99999911E-3,
,,,-14.0399989E-3,39.99999911E-3,
,,,-14.0299993E-3,39.99999911E-3,
,,,-14.0199997E-3,59.999998659E-3,
,,,-14.0099991E-3,59.999998659E-3,
,,,-13.9999995E-3,39.99999911E-3,
,,,-13.9899990E-3,59.999998659E-3,
,,,-13.9799993E-3,39.99999911E-3,
,,,-13.9699988E-3,39.99999911E-3,
,,,-13.9599992E-3,39.99999911E-3,
,,,-13.9499996E-3,39.99999911E-3,
,,,-13.9399990E-3,39.99999911E-3,
,,,-13.9299994E-3,59.999998659E-3,
,,,-13.9199989E-3,59.999998659E-3,
,,,-13.9099993E-3,39.99999911E-3,
,,,-13.8999997E-3,39.99999911E-3,
,,,-13.8899991E-3,39.99999911E-3,
,,,-13.8799995E-3,39.99999911E-3,
,,,-13.8699990E-3,39.99999911E-3,
,,,-13.8599994E-3,39.99999911E-3,
,,,-13.8499988E-3,59.999998659E-3,
,,,-13.8399992E-3,39.99999911E-3,
,,,-13.8299996E-3,59.999998659E-3,
,,,-13.8199991E-3,39.99999911E-3,
,,,-13.8099995E-3,39.99999911E-3,
,,,-13.7999989E-3,39.99999911E-3,
,,,-13.7899993E-3,39.99999911E-3,
,,,-13.7799997E-3,39.99999911E-3,
,,,-13.7699991E-3,39.99999911E-3,
,,,-13.7599995E-3,59.999998659E-3,
,,,-13.7499990E-3,39.99999911E-3,
,,,-13.7399994E-3,39.99999911E-3,
,,,-13.7299988E-3,39.99999911E-3,
,,,-13.7199992E-3,39.99999911E-3,
,,,-13.7099996E-3,39.99999911E-3,
,,,-13.6999991E-3,59.999998659E-3,
,,,-13.6899995E-3,39.99999911E-3,
,,,-13.6799989E-3,59.999998659E-3,
,,,-13.6699993E-3,39.99999911E-3,
,,,-13.6599997E-3,59.999998659E-3,
,,,-13.6499992E-3,39.99999911E-3,
,,,-13.6399996E-3,39.99999911E-3,
,,,-13.6299990E-3,39.99999911E-3,
,,,-13.6199994E-3,59.999998659E-3,
,,,-13.6099989E-3,59.999998659E-3,
,,,-13.5999992E-3,39.99999911E-3,
,,,-13.5899996E-3,59.999998659E-3,
,,,-13.5799991E-3,39.99999911E-3,
,,,-13.5699995E-3,39.99999911E-3,
,,,-13.5599989E-3,39.99999911E-3,
,,,-13.5499993E-3,39.99999911E-3,
,,,-13.5399997E-3,39.99999911E-3,
,,,-13.5299992E-3,59.999998659E-3,
,,,-13.5199996E-3,39.99999911E-3,
,,,-13.5099990E-3,59.999998659E-3,
,,,-13.4999994E-3,39.99999911E-3,
,,,-13.4899989E-3,39.99999911E-3,
,,,-13.4799993E-3,39.99999911E-3,
,,,-13.4699997E-3,59.999998659E-3,
,,,-13.4599991E-3,59.999998659E-3,
,,,-13.4499995E-3,59.999998659E-3,
,,,-13.4399990E-3,39.99999911E-3,
,,,-13.4299994E-3,59.999998659E-3,
,,,-13.4199988E-3,39.99999911E-3,
,,,-13.4099992E-3,59.999998659E-3,
,,,-13.3999996E-3,39.99999911E-3,
,,,-13.3899990E-3,39.99999911E-3,
,,,-13.3799994E-3,59.999998659E-3,
,,,-13.3699989E-3,59.999998659E-3,
,,,-13.3599993E-3,39.99999911E-3,
,,,-13.3499997E-3,39.99999911E-3,
,,,-13.3399991E-3,39.99999911E-3,
,,,-13.3299995E-3,39.99999911E-3,
,,,-13.3199990E-3,39.99999911E-3,
,,,-13.3099994E-3,59.999998659E-3,
,,,-13.2999988E-3,39.99999911E-3,
,,,-13.2899992E-3,39.99999911E-3,
,,,-13.2799996E-3,39.99999911E-3,
,,,-13.2699991E-3,39.99999911E-3,
,,,-13.2599995E-3,19.9999996E-3,
,,,-13.2499989E-3,39.99999911E-3,
,,,-13.2399993E-3,39.99999911E-3,
,,,-13.2299997E-3,39.99999911E-3,
,,,-13.2199991E-3,59.999998659E-3,
,,,-13.2099995E-3,59.999998659E-3,
,,,-13.1999990E-3,59.999998659E-3,
,,,-13.1899994E-3,39.99999911E-3,
,,,-13.1799988E-3,39.99999911E-3,
,,,-13.1699992E-3,39.99999911E-3,
,,,-13.1599996E-3,39.99999911E-3,
,,,-13.1499991E-3,39.99999911E-3,
,,,-13.1399995E-3,19.9999996E-3,
,,,-13.1299989E-3,19.9999996E-3,
,,,-13.1199993E-3,39.99999911E-3,
,,,-13.1099997E-3,59.999998659E-3,
,,,-13.0999992E-3,59.999998659E-3,
,,,-13.0899996E-3,39.99999911E-3,
,,,-13.0799990E-3,39.99999911E-3,
,,,-13.0699994E-3,59.999998659E-3,
,,,-13.0599989E-3,39.99999911E-3,
,,,-13.0499993E-3,39.99999911E-3,
,,,-13.0399996E-3,59.999998659E-3,
,,,-13.0299991E-3,39.99999911E-3,
,,,-13.0199995E-3,39.99999911E-3,
,,,-13.0099989E-3,39.99999911E-3,
,,,-12.9999993E-3,39.99999911E-3,
,,,-12.9899997E-3,39.99999911E-3,
,,,-12.9799992E-3,59.999998659E-3,
,,,-12.9699996E-3,39.99999911E-3,
,,,-12.9599990E-3,39.99999911E-3,
,,,-12.9499994E-3,59.999998659E-3,
,,,-12.9399989E-3,59.999998659E-3,
,,,-12.9299993E-3,59.999998659E-3,
,,,-12.9199997E-3,59.999998659E-3,
,,,-12.9099991E-3,39.99999911E-3,
,,,-12.8999995E-3,59.999998659E-3,
,,,-12.8899990E-3,39.99999911E-3,
,,,-12.8799994E-3,39.99999911E-3,
,,,-12.8699988E-3,59.999998659E-3,
,,,-12.8599992E-3,39.99999911E-3,
,,,-12.8499996E-3,39.99999911E-3,
,,,-12.8399990E-3,59.999998659E-3,
,,,-12.8299994E-3,39.99999911E-3,
,,,-12.8199989E-3,59.999998659E-3,
,,,-12.8099993E-3,39.99999911E-3,
,,,-12.7999997E-3,59.999998659E-3,
,,,-12.7899991E-3,59.999998659E-3,
,,,-12.7799995E-3,39.99999911E-3,
,,,-12.7699990E-3,59.999998659E-3,
,,,-12.7599994E-3,39.99999911E-3,
,,,-12.7499988E-3,39.99999911E-3,
,,,-12.7399992E-3,59.999998659E-3,
,,,-12.7299996E-3,19.9999996E-3,
,,,-12.7199991E-3,39.99999911E-3,
,,,-12.7099995E-3,39.99999911E-3,
,,,-12.6999989E-3,39.99999911E-3,
,,,-12.6899993E-3,59.999998659E-3,
,,,-12.6799997E-3,39.99999911E-3,
,,,-12.6699992E-3,59.999998659E-3,
,,,-12.6599995E-3,59.999998659E-3,
,,,-12.6499990E-3,59.999998659E-3,
,,,-12.6399994E-3,39.99999911E-3,
,,,-12.6299988E-3,39.99999911E-3,
,,,-12.6199992E-3,39.99999911E-3,
,,,-12.6099996E-3,59.999998659E-3,
,,,-12.5999991E-3,59.999998659E-3,
,,,-12.5899995E-3,39.99999911E-3,
,,,-12.5799989E-3,59.999998659E-3,
,,,-12.5699993E-3,59.999998659E-3,
,,,-12.5599997E-3,59.999998659E-3,
,,,-12.5499992E-3,59.999998659E-3,
,,,-12.5399996E-3,59.999998659E-3,
,,,-12.5299990E-3,59.999998659E-3,
,,,-12.5199994E-3,79.999998212E-3,
,,,-12.5099989E-3,119.9999973E-3,
,,,-12.4999993E-3,280.00000119E-3,
,,,-12.4899996E-3,680.000007153E-3,
,,,-12.4799991E-3,1.2400000,
,,,-12.4699995E-3,1.9799999,
,,,-12.4599990E-3,2.3399999,
,,,-12.4499993E-3,1.6600000,
,,,-12.4399997E-3,1.1200000,
,,,-12.4299992E-3,799.999952316E-3,
,,,-12.4199996E-3,620.000004768E-3,
,,,-12.4099990E-3,459.999978542E-3,
,,,-12.3999994E-3,340.00000358E-3,
,,,-12.3899989E-3,259.99999046E-3,
,,,-12.3799993E-3,179.99999225E-3,
,,,-12.3699997E-3,140.0000006E-3,
,,,-12.3599991E-3,99.999994040E-3,
,,,-12.3499995E-3,79.999998212E-3,
,,,-12.3399990E-3,79.999998212E-3,
,,,-12.3299994E-3,59.999998659E-3,
,,,-12.3199997E-3,59.999998659E-3,
,,,-12.3099992E-3,59.999998659E-3,
,,,-12.2999996E-3,39.99999911E-3,
,,,-12.2899991E-3,59.999998659E-3,
,,,-12.2799994E-3,59.999998659E-3,
,,,-12.2699989E-3,59.999998659E-3,
,,,-12.2599993E-3,39.99999911E-3,
,,,-12.2499997E-3,59.999998659E-3,
,,,-12.2399991E-3,39.99999911E-3,
,,,-12.2299995E-3,39.99999911E-3,
,,,-12.2199990E-3,39.99999911E-3,
,,,-12.2099994E-3,59.999998659E-3,
,,,-12.1999988E-3,39.99999911E-3,
,,,-12.1899992E-3,39.99999911E-3,
,,,-12.1799996E-3,59.999998659E-3,
,,,-12.1699991E-3,59.999998659E-3,
,,,-12.1599995E-3,59.999998659E-3,
,,,-12.1499989E-3,59.999998659E-3,
,,,-12.1399993E-3,39.99999911E-3,
,,,-12.1299997E-3,39.99999911E-3,
,,,-12.1199992E-3,59.999998659E-3,
,,,-12.1099995E-3,59.999998659E-3,
,,,-12.0999990E-3,39.99999911E-3,
,,,-12.0899994E-3,39.99999911E-3,
,,,-12.0799989E-3,59.999998659E-3,
,,,-12.0699992E-3,59.999998659E-3,
,,,-12.0599996E-3,39.99999911E-3,
,,,-12.0499991E-3,59.999998659E-3,
,,,-12.0399995E-3,59.999998659E-3,
,,,-12.0299989E-3,59.999998659E-3,
,,,-12.0199993E-3,59.999998659E-3,
,,,-12.0099997E-3,39.99999911E-3,
,,,-11.9999992E-3,19.9999996E-3,
,,,-11.9899996E-3,39.99999911E-3,
,,,-11.9799990E-3,39.99999911E-3,
,,,-11.9699994E-3,59.999998659E-3,
,,,-11.9599989E-3,59.999998659E-3,
,,,-11.9499993E-3,39.99999911E-3,
,,,-11.9399996E-3,59.999998659E-3,
,,,-11.9299991E-3,59.999998659E-3,
,,,-11.9199995E-3,59.999998659E-3,
,,,-11.9099990E-3,39.99999911E-3,
,,,-11.8999993E-3,39.99999911E-3,
,,,-11.8899997E-3,39.99999911E-3,
,,,-11.8799992E-3,59.999998659E-3,
,,,-11.8699996E-3,39.99999911E-3,
,,,-11.8599990E-3,59.999998659E-3,
,,,-11.8499994E-3,39.99999911E-3,
,,,-11.8399989E-3,39.99999911E-3,
,,,-11.8299993E-3,39.99999911E-3,
,,,-11.8199997E-3,39.99999911E-3,
,,,-11.8099991E-3,39.99999911E-3,
,,,-11.7999995E-3,59.999998659E-3,
,,,-11.7899990E-3,39.99999911E-3,
,,,-11.7799994E-3,59.999998659E-3,
,,,-11.7699997E-3,59.999998659E-3,
,,,-11.7599992E-3,59.999998659E-3,
,,,-11.7499996E-3,59.999998659E-3,
,,,-11.7399991E-3,99.999994040E-3,
,,,-11.7299994E-3,140.0000006E-3,
,,,-11.7199989E-3,399.99997616E-3,
,,,-11.7099993E-3,819.999992847E-3,
,,,-11.6999997E-3,1.4399999,
,,,-11.6899991E-3,2.0999999,
,,,-11.6799995E-3,2.0200000,
,,,-11.6699990E-3,1.3600000,
,,,-11.6599994E-3,919.999957085E-3,
,,,-11.6499998E-3,680.000007153E-3,
,,,-11.6399992E-3,539.999961853E-3,
,,,-11.6299996E-3,399.99997616E-3,
,,,-11.6199991E-3,319.99999285E-3,
,,,-11.6099995E-3,219.99999881E-3,
,,,-11.5999989E-3,140.0000006E-3,
,,,-11.5899993E-3,119.9999973E-3,
,,,-11.5799997E-3,99.999994040E-3,
,,,-11.5699992E-3,59.999998659E-3,
,,,-11.5599995E-3,59.999998659E-3,
,,,-11.5499990E-3,79.999998212E-3,
,,,-11.5399994E-3,59.999998659E-3,
,,,-11.5299989E-3,79.999998212E-3,
,,,-11.5199992E-3,59.999998659E-3,
,,,-11.5099996E-3,59.999998659E-3,
,,,-11.4999991E-3,59.999998659E-3,
,,,-11.4899995E-3,39.99999911E-3,
,,,-11.4799989E-3,59.999998659E-3,
,,,-11.4699993E-3,39.99999911E-3,
,,,-11.4599997E-3,59.999998659E-3,
,,,-11.4499992E-3,39.99999911E-3,
,,,-11.4399996E-3,59.999998659E-3,
,,,-11.4299990E-3,39.99999911E-3,
,,,-11.4199994E-3,39.99999911E-3,
,,,-11.4099989E-3,59.999998659E-3,
,,,-11.3999993E-3,59.999998659E-3,
,,,-11.3899997E-3,39.99999911E-3,
,,,-11.3799991E-3,59.999998659E-3,
,,,-11.3699995E-3,39.99999911E-3,
,,,-11.3599990E-3,59.999998659E-3,
,,,-11.3499993E-3,59.999998659E-3,
,,,-11.3399997E-3,59.999998659E-3,
,,,-11.3299992E-3,39.99999911E-3,
,,,-11.3199996E-3,59.999998659E-3,
,,,-11.3099990E-3,59.999998659E-3,
,,,-11.2999994E-3,39.99999911E-3,
,,,-11.2899989E-3,59.999998659E-3,
,,,-11.2799993E-3,39.99999911E-3,
,,,-11.2699997E-3,39.99999911E-3,
,,,-11.2599991E-3,39.99999911E-3,
,,,-11.2499995E-3,59.999998659E-3,
,,,-11.2399990E-3,39.99999911E-3,
,,,-11.2299994E-3,59.999998659E-3,
,,,-11.2199998E-3,59.999998659E-3,
,,,-11.2099992E-3,39.99999911E-3,
,,,-11.1999996E-3,39.99999911E-3,
,,,-11.1899991E-3,59.999998659E-3,
,,,-11.1799994E-3,39.99999911E-3,
,,,-11.1699989E-3,39.99999911E-3,
,,,-11.1599993E-3,39.99999911E-3,
,,,-11.1499997E-3,39.99999911E-3,
,,,-11.1399991E-3,39.99999911E-3,
,,,-11.1299995E-3,39.99999911E-3,
,,,-11.1199990E-3,39.99999911E-3,
,,,-11.1099994E-3,39.99999911E-3,
,,,-11.0999998E-3,39.99999911E-3,
,,,-11.0899992E-3,59.999998659E-3,
,,,-11.0799996E-3,39.99999911E-3,
,,,-11.0699991E-3,59.999998659E-3,
,,,-11.0599995E-3,39.99999911E-3,
,,,-11.0499989E-3,59.999998659E-3,
,,,-11.0399993E-3,59.999998659E-3,
,,,-11.0299997E-3,39.99999911E-3,
,,,-11.0199992E-3,39.99999911E-3,
,,,-11.0099996E-3,39.99999911E-3,
,,,-10.9999990E-3,59.999998659E-3,
,,,-10.9899994E-3,59.999998659E-3,
,,,-10.9799989E-3,39.99999911E-3,
,,,-10.9699992E-3,59.999998659E-3,
,,,-10.9599996E-3,39.99999911E-3,
,,,-10.9499991E-3,39.99999911E-3,
,,,-10.9399995E-3,39.99999911E-3,
,,,-10.9299989E-3,39.99999911E-3,
,,,-10.9199993E-3,59.999998659E-3,
,,,-10.9099997E-3,39.99999911E-3,
,,,-10.8999992E-3,59.999998659E-3,
,,,-10.8899996E-3,39.99999911E-3,
,,,-10.8799990E-3,39.99999911E-3,
,,,-10.8699994E-3,39.99999911E-3,
,,,-10.8599989E-3,59.999998659E-3,
,,,-10.8499993E-3,39.99999911E-3,
,,,-10.8399997E-3,59.999998659E-3,
,,,-10.8299991E-3,59.999998659E-3,
,,,-10.8199995E-3,39.99999911E-3,
,,,-10.8099990E-3,59.999998659E-3,
,,,-10.7999993E-3,39.99999911E-3,
,,,-10.7899997E-3,39.99999911E-3,
,,,-10.7799992E-3,59.999998659E-3,
,,,-10.7699996E-3,39.99999911E-3,
,,,-10.7599990E-3,39.99999911E-3,
,,,-10.7499994E-3,39.99999911E-3,
,,,-10.7399989E-3,39.99999911E-3,
,,,-10.7299993E-3,39.99999911E-3,
,,,-10.7199997E-3,39.99999911E-3,
,,,-10.7099991E-3,39.99999911E-3,
,,,-10.6999995E-3,59.999998659E-3,
,,,-10.6899990E-3,39.99999911E-3,
,,,-10.6799994E-3,59.999998659E-3,
,,,-10.6699998E-3,59.999998659E-3,
,,,-10.6599992E-3,59.999998659E-3,
,,,-10.6499996E-3,39.99999911E-3,
,,,-10.6399991E-3,59.999998659E-3,
,,,-10.6299995E-3,59.999998659E-3,
,,,-10.6199989E-3,39.99999911E-3,
,,,-10.6099993E-3,39.99999911E-3,
,,,-10.5999997E-3,59.999998659E-3,
,,,-10.5899991E-3,59.999998659E-3,
,,,-10.5799995E-3,59.999998659E-3,
,,,-10.5699990E-3,39.99999911E-3,
,,,-10.5599994E-3,39.99999911E-3,
,,,-10.5499998E-3,19.9999996E-3,
,,,-10.5399992E-3,39.99999911E-3,
,,,-10.5299996E-3,39.99999911E-3,
,,,-10.5199991E-3,59.999998659E-3,
,,,-10.5099995E-3,39.99999911E-3,
,,,-10.4999989E-3,59.999998659E-3,
,,,-10.4899993E-3,39.99999911E-3,
,,,-10.4799997E-3,39.99999911E-3,
,,,-10.4699992E-3,59.999998659E-3,
,,,-10.4599996E-3,39.99999911E-3,
,,,-10.4499990E-3,59.999998659E-3,
,,,-10.4399994E-3,59.999998659E-3,
,,,-10.4299998E-3,39.99999911E-3,
,,,-10.4199992E-3,39.99999911E-3,
,,,-10.4099996E-3,59.999998659E-3,
,,,-10.3999991E-3,59.999998659E-3,
,,,-10.3899995E-3,39.99999911E-3,
,,,-10.3799989E-3,59.999998659E-3,
,,,-10.3699993E-3,39.99999911E-3,
,,,-10.3599997E-3,39.99999911E-3,
,,,-10.3499992E-3,59.999998659E-3,
,,,-10.3399996E-3,59.999998659E-3,
,,,-10.3299990E-3,39.99999911E-3,
,,,-10.3199994E-3,39.99999911E-3,
,,,-10.3099989E-3,39.99999911E-3,
,,,-10.2999993E-3,39.99999911E-3,
,,,-10.2899997E-3,59.999998659E-3,
,,,-10.2799991E-3,39.99999911E-3,
,,,-10.2699995E-3,39.99999911E-3,
,,,-10.2599990E-3,39.99999911E-3,
,,,-10.2499994E-3,59.999998659E-3,
,,,-10.2399997E-3,59.999998659E-3,
,,,-10.2299992E-3,39.99999911E-3,
,,,-10.2199996E-3,39.99999911E-3,
,,,-10.2099990E-3,39.99999911E-3,
,,,-10.1999994E-3,39.99999911E-3,
,,,-10.1899989E-3,39.99999911E-3,
,,,-10.1799993E-3,39.99999911E-3,
,,,-10.1699997E-3,59.999998659E-3,
,,,-10.1599991E-3,39.99999911E-3,
,,,-10.1499995E-3,39.99999911E-3,
,,,-10.1399990E-3,39.99999911E-3,
,,,-10.1299994E-3,59.999998659E-3,
,,,-10.1199998E-3,39.99999911E-3,
,,,-10.1099992E-3,39.99999911E-3,
,,,-10.0999996E-3,39.99999911E-3,
,,,-10.0899991E-3,39.99999911E-3,
,,,-10.0799995E-3,59.999998659E-3,
,,,-10.0699989E-3,59.999998659E-3,
,,,-10.0599993E-3,59.999998659E-3,
,,,-10.0499997E-3,39.99999911E-3,
,,,-10.0399991E-3,39.99999911E-3,
,,,-10.0299995E-3,39.99999911E-3,
,,,-10.0199990E-3,39.99999911E-3,
,,,-10.0099994E-3,39.99999911E-3,
,,,-9.999999776E-3,39.99999911E-3,
,,,-9.989999235E-3,39.99999911E-3,
,,,-9.979999624E-3,39.99999911E-3,
,,,-9.969999082E-3,39.99999911E-3,
,,,-9.959999472E-3,39.99999911E-3,
,,,-9.949998930E-3,39.99999911E-3,
,,,-9.939999320E-3,39.99999911E-3,
,,,-9.929999709E-3,59.999998659E-3,
,,,-9.919999167E-3,39.99999911E-3,
,,,-9.909999557E-3,59.999998659E-3,
,,,-9.899999015E-3,59.999998659E-3,
,,,-9.889999405E-3,59.999998659E-3,
,,,-9.879999794E-3,39.99999911E-3,
,,,-9.869999252E-3,39.99999911E-3,
,,,-9.859999642E-3,39.99999911E-3,
,,,-9.849999100E-3,39.99999911E-3,
,,,-9.839999489E-3,59.999998659E-3,
,,,-9.829998948E-3,39.99999911E-3,
,,,-9.819999337E-3,39.99999911E-3,
,,,-9.809999727E-3,39.99999911E-3,
,,,-9.799999185E-3,39.99999911E-3,
,,,-9.789999574E-3,39.99999911E-3,
,,,-9.779999033E-3,39.99999911E-3,
,,,-9.769999422E-3,39.99999911E-3,
,,,-9.759999812E-3,59.999998659E-3,
,,,-9.749999270E-3,39.99999911E-3,
,,,-9.739999659E-3,59.999998659E-3,
,,,-9.729999118E-3,39.99999911E-3,
,,,-9.719999507E-3,39.99999911E-3,
,,,-9.709998965E-3,39.99999911E-3,
,,,-9.699999355E-3,39.99999911E-3,
,,,-9.689999744E-3,39.99999911E-3,
,,,-9.679999202E-3,39.99999911E-3,
,,,-9.669999592E-3,39.99999911E-3,
,,,-9.659999050E-3,39.99999911E-3,
,,,-9.649999440E-3,39.99999911E-3,
,,,-9.639998898E-3,39.99999911E-3,
,,,-9.629999287E-3,39.99999911E-3,
,,,-9.619999677E-3,39.99999911E-3,
,,,-9.609999135E-3,59.999998659E-3,
,,,-9.599999525E-3,59.999998659E-3,
,,,-9.589998983E-3,59.999998659E-3,
,,,-9.579999372E-3,39.99999911E-3,
,,,-9.569999762E-3,39.99999911E-3,
,,,-9.559999220E-3,39.99999911E-3,
,,,-9.549999610E-3,59.999998659E-3,
,,,-9.539999068E-3,39.99999911E-3,
,,,-9.529999457E-3,39.99999911E-3,
,,,-9.519998915E-3,39.99999911E-3,
,,,-9.509999305E-3,59.999998659E-3,
,,,-9.499999695E-3,59.999998659E-3,
,,,-9.489999153E-3,59.999998659E-3,
,,,-9.479999542E-3,39.99999911E-3,
,,,-9.469999000E-3,39.99999911E-3,
,,,-9.459999390E-3,59.999998659E-3,
,,,-9.449999779E-3,39.99999911E-3,
,,,-9.439999238E-3,39.99999911E-3,
,,,-9.429999627E-3,39.99999911E-3,
,,,-9.419999085E-3,39.99999911E-3,
,,,-9.409999475E-3,39.99999911E-3,
,,,-9.399998933E-3,39.99999911E-3,
,,,-9.389999323E-3,59.999998659E-3,
,,,-9.379999712E-3,39.99999911E-3,
,,,-9.369999170E-3,59.999998659E-3,
,,,-9.359999560E-3,39.99999911E-3,
,,,-9.349999018E-3,39.99999911E-3,
,,,-9.339999408E-3,39.99999911E-3,
,,,-9.329999797E-3,59.999998659E-3,
,,,-9.319999255E-3,39.99999911E-3,
,,,-9.309999645E-3,39.99999911E-3,
,,,-9.299999103E-3,39.99999911E-3,
,,,-9.289999492E-3,19.9999996E-3,
,,,-9.279998951E-3,39.99999911E-3,
,,,-9.269999340E-3,59.999998659E-3,
,,,-9.259999730E-3,39.99999911E-3,
,,,-9.249999188E-3,39.99999911E-3,
,,,-9.239999577E-3,59.999998659E-3,
,,,-9.229999036E-3,59.999998659E-3,
,,,-9.219999425E-3,39.99999911E-3,
,,,-9.209999815E-3,39.99999911E-3,
,,,-9.199999273E-3,39.99999911E-3,
,,,-9.189999662E-3,39.99999911E-3,
,,,-9.179999121E-3,39.99999911E-3,
,,,-9.169999510E-3,39.99999911E-3,
,,,-9.159998968E-3,39.99999911E-3,
,,,-9.149999358E-3,39.99999911E-3,
,,,-9.139999747E-3,39.99999911E-3,
,,,-9.129999205E-3,39.99999911E-3,
,,,-9.119999595E-3,39.99999911E-3,
,,,-9.109999053E-3,59.999998659E-3,
,,,-9.099999443E-3,59.999998659E-3,
,,,-9.089999832E-3,39.99999911E-3,
,,,-9.079999290E-3,39.99999911E-3,
,,,-9.069999680E-3,39.99999911E-3,
,,,-9.059999138E-3,39.99999911E-3,
,,,-9.049999528E-3,59.999998659E-3,
,,,-9.039998986E-3,59.999998659E-3,
,,,-9.029999375E-3,39.99999911E-3,
,,,-9.019999765E-3,39.99999911E-3,
,,,-9.009999223E-3,59.999998659E-3,
,,,-8.999999613E-3,39.99999911E-3,
,,,-8.989999071E-3,39.99999911E-3,
,,,-8.979999460E-3,39.99999911E-3,
,,,-8.969998918E-3,39.99999911E-3,
,,,-8.959999308E-3,39.99999911E-3,
,,,-8.949999698E-3,39.99999911E-3,
,,,-8.939999156E-3,19.9999996E-3,
,,,-8.929999545E-3,39.99999911E-3,
,,,-8.919999003E-3,39.99999911E-3,
,,,-8.909999393E-3,39.99999911E-3,
,,,-8.899999782E-3,59.999998659E-3,
,,,-8.889999241E-3,39.99999911E-3,
,,,-8.879999630E-3,39.99999911E-3,
,,,-8.869999088E-3,39.99999911E-3,
,,,-8.859999478E-3,39.99999911E-3,
,,,-8.849998936E-3,39.99999911E-3,
,,,-8.839999326E-3,39.99999911E-3,
,,,-8.829999715E-3,39.99999911E-3,
,,,-8.819999173E-3,19.9999996E-3,
,,,-8.809999563E-3,39.99999911E-3,
,,,-8.799999021E-3,19.9999996E-3,
,,,-8.789999411E-3,39.99999911E-3,
,,,-8.779999800E-3,39.99999911E-3,
,,,-8.769999258E-3,39.99999911E-3,
,,,-8.759999648E-3,39.99999911E-3,
,,,-8.749999106E-3,39.99999911E-3,
,,,-8.739999495E-3,39.99999911E-3,
,,,-8.729998954E-3,59.999998659E-3,
,,,-8.719999343E-3,39.99999911E-3,
,,,-8.709999733E-3,39.99999911E-3,
,,,-8.699999191E-3,39.99999911E-3,
,,,-8.689999580E-3,39.99999911E-3,
,,,-8.679999039E-3,39.99999911E-3,
,,,-8.669999428E-3,39.99999911E-3,
,,,-8.659999818E-3,39.99999911E-3,
,,,-8.649999276E-3,59.999998659E-3,
,,,-8.639999665E-3,39.99999911E-3,
,,,-8.629999124E-3,39.99999911E-3,
,,,-8.619999513E-3,59.999998659E-3,
,,,-8.609998971E-3,39.99999911E-3,
,,,-8.599999361E-3,59.999998659E-3,
,,,-8.589999750E-3,39.99999911E-3,
,,,-8.579999208E-3,19.9999996E-3,
,,,-8.569999598E-3,39.99999911E-3,
,,,-8.559999056E-3,19.9999996E-3,
,,,-8.549999446E-3,39.99999911E-3,
,,,-8.539999835E-3,39.99999911E-3,
,,,-8.529999293E-3,39.99999911E-3,
,,,-8.519999683E-3,39.99999911E-3,
,,,-8.509999141E-3,59.999998659E-3,
,,,-8.499999531E-3,39.99999911E-3,
,,,-8.489998989E-3,39.99999911E-3,
,,,-8.479999378E-3,59.999998659E-3,
,,,-8.469999768E-3,39.99999911E-3,
,,,-8.459999226E-3,39.99999911E-3,
,,,-8.449999616E-3,39.99999911E-3,
,,,-8.439999074E-3,39.99999911E-3,
,,,-8.429999463E-3,39.99999911E-3,
,,,-8.419999853E-3,39.99999911E-3,
,,,-8.409999311E-3,39.99999911E-3,
,,,-8.399999700E-3,39.99999911E-3,
,,,-8.389999159E-3,39.99999911E-3,
,,,-8.379999548E-3,39.99999911E-3,
,,,-8.369999006E-3,39.99999911E-3,
,,,-8.359999396E-3,39.99999911E-3,
,,,-8.349999785E-3,39.99999911E-3,
,,,-8.339999244E-3,19.9999996E-3,
,,,-8.329999633E-3,39.99999911E-3,
,,,-8.319999091E-3,39.99999911E-3,
,,,-8.309999481E-3,39.99999911E-3,
,,,-8.299998939E-3,59.999998659E-3,
,,,-8.289999329E-3,39.99999911E-3,
,,,-8.279999718E-3,39.99999911E-3,
,,,-8.269999176E-3,39.99999911E-3,
,,,-8.259999566E-3,39.99999911E-3,
,,,-8.249999024E-3,59.999998659E-3,
,,,-8.239999413E-3,39.99999911E-3,
,,,-8.229999803E-3,39.99999911E-3,
,,,-8.219999261E-3,59.999998659E-3,
,,,-8.209999651E-3,39.99999911E-3,
,,,-8.199999109E-3,39.99999911E-3,
,,,-8.189999498E-3,39.99999911E-3,
,,,-8.179998957E-3,39.99999911E-3,
,,,-8.169999346E-3,39.99999911E-3,
,,,-8.159999736E-3,39.99999911E-3,
,,,-8.149999194E-3,39.99999911E-3,
,,,-8.139999583E-3,39.99999911E-3,
,,,-8.129999042E-3,39.99999911E-3,
,,,-8.119999431E-3,39.99999911E-3,
,,,-8.109999821E-3,39.99999911E-3,
,,,-8.099999279E-3,39.99999911E-3,
,,,-8.089999668E-3,39.99999911E-3,
,,,-8.079999126E-3,39.99999911E-3,
,,,-8.069999516E-3,39.99999911E-3,
,,,-8.059998974E-3,39.99999911E-3,
,,,-8.049999364E-3,39.99999911E-3,
,,,-8.039999753E-3,19.9999996E-3,
,,,-8.029999211E-3,39.99999911E-3,
,,,-8.019999601E-3,19.9999996E-3,
,,,-8.009999059E-3,39.99999911E-3,
,,,-7.999999449E-3,39.99999911E-3,
,,,-7.989999838E-3,39.99999911E-3,
,,,-7.979999296E-3,39.99999911E-3,
,,,-7.969999686E-3,39.99999911E-3,
,,,-7.959999144E-3,39.99999911E-3,
,,,-7.949999534E-3,39.99999911E-3,
,,,-7.939998992E-3,19.9999996E-3,
,,,-7.929999381E-3,39.99999911E-3,
,,,-7.919999771E-3,39.99999911E-3,
,,,-7.909999229E-3,39.99999911E-3,
,,,-7.899999619E-3,19.9999996E-3,
,,,-7.889999077E-3,39.99999911E-3,
,,,-7.879999466E-3,39.99999911E-3,
,,,-7.869999856E-3,39.99999911E-3,
,,,-7.859999314E-3,39.99999911E-3,
,,,-7.849999703E-3,39.99999911E-3,
,,,-7.839999162E-3,39.99999911E-3,
,,,-7.829999551E-3,39.99999911E-3,
,,,-7.819999009E-3,39.99999911E-3,
,,,-7.809999399E-3,39.99999911E-3,
,,,-7.799999323E-3,39.99999911E-3,
,,,-7.789999247E-3,59.999998659E-3,
,,,-7.779999636E-3,19.9999996E-3,
,,,-7.769999560E-3,39.99999911E-3,
,,,-7.759999484E-3,19.9999996E-3,
,,,-7.749999408E-3,39.99999911E-3,
,,,-7.739999332E-3,39.99999911E-3,
,,,-7.729999255E-3,39.99999911E-3,
,,,-7.719999179E-3,19.9999996E-3,
,,,-7.709999569E-3,39.99999911E-3,
,,,-7.699999493E-3,39.99999911E-3,
,,,-7.689999416E-3,39.99999911E-3,
,,,-7.679999340E-3,39.99999911E-3,
,,,-7.669999264E-3,39.99999911E-3,
,,,-7.659999188E-3,39.99999911E-3,
,,,-7.649999578E-3,39.99999911E-3,
,,,-7.639999501E-3,39.99999911E-3,
,,,-7.629999425E-3,39.99999911E-3,
,,,-7.619999349E-3,39.99999911E-3,
,,,-7.609999273E-3,39.99999911E-3,
,,,-7.599999197E-3,39.99999911E-3,
,,,-7.589999586E-3,39.99999911E-3,
,,,-7.579999510E-3,39.99999911E-3,
,,,-7.569999434E-3,39.99999911E-3,
,,,-7.559999358E-3,39.99999911E-3,
,,,-7.549999282E-3,59.999998659E-3,
,,,-7.539999206E-3,19.9999996E-3,
,,,-7.529999595E-3,39.99999911E-3,
,,,-7.519999519E-3,39.99999911E-3,
,,,-7.509999443E-3,39.99999911E-3,
,,,-7.499999367E-3,39.99999911E-3,
,,,-7.489999291E-3,59.999998659E-3,
,,,-7.479999214E-3,39.99999911E-3,
,,,-7.469999604E-3,39.99999911E-3,
,,,-7.459999528E-3,19.9999996E-3,
,,,-7.449999452E-3,39.99999911E-3,
,,,-7.439999375E-3,39.99999911E-3,
,,,-7.429999299E-3,59.999998659E-3,
,,,-7.419999223E-3,39.99999911E-3,
,,,-7.409999613E-3,39.99999911E-3,
,,,-7.399999537E-3,39.99999911E-3,
,,,-7.389999460E-3,59.999998659E-3,
,,,-7.37999938E-3,59.999998659E-3,
,,,-7.36999931E-3,39.99999911E-3,
,,,-7.35999923E-3,59.999998659E-3,
,,,-7.34999962E-3,39.99999911E-3,
,,,-7.33999955E-3,39.99999911E-3,
,,,-7.32999947E-3,39.99999911E-3,
,,,-7.31999939E-3,59.999998659E-3,
,,,-7.30999932E-3,39.99999911E-3,
,,,-7.29999924E-3,39.99999911E-3,
,,,-7.28999963E-3,59.999998659E-3,
,,,-7.27999955E-3,59.999998659E-3,
,,,-7.26999948E-3,39.99999911E-3,
,,,-7.25999940E-3,39.99999911E-3,
,,,-7.24999933E-3,39.99999911E-3,
,,,-7.23999925E-3,39.99999911E-3,
,,,-7.22999964E-3,39.99999911E-3,
,,,-7.21999956E-3,39.99999911E-3,
,,,-7.20999949E-3,39.99999911E-3,
,,,-7.19999941E-3,39.99999911E-3,
,,,-7.18999933E-3,39.99999911E-3,
,,,-7.17999926E-3,39.99999911E-3,
,,,-7.16999965E-3,39.99999911E-3,
,,,-7.15999957E-3,39.99999911E-3,
,,,-7.14999950E-3,39.99999911E-3,
,,,-7.13999942E-3,39.99999911E-3,
,,,-7.12999934E-3,39.99999911E-3,
,,,-7.11999927E-3,59.999998659E-3,
,,,-7.10999919E-3,39.99999911E-3,
,,,-7.09999958E-3,39.99999911E-3,
,,,-7.08999950E-3,59.999998659E-3,
,,,-7.07999943E-3,39.99999911E-3,
,,,-7.06999935E-3,39.99999911E-3,
,,,-7.05999928E-3,39.99999911E-3,
,,,-7.04999920E-3,39.99999911E-3,
,,,-7.03999959E-3,39.99999911E-3,
,,,-7.02999951E-3,39.99999911E-3,
,,,-7.01999944E-3,19.9999996E-3,
,,,-7.00999936E-3,39.99999911E-3,
,,,-6.99999928E-3,39.99999911E-3,
,,,-6.98999921E-3,39.99999911E-3,
,,,-6.97999960E-3,39.99999911E-3,
,,,-6.96999952E-3,39.99999911E-3,
,,,-6.95999945E-3,39.99999911E-3,
,,,-6.94999937E-3,59.999998659E-3,
,,,-6.93999929E-3,39.99999911E-3,
,,,-6.92999922E-3,39.99999911E-3,
,,,-6.91999961E-3,39.99999911E-3,
,,,-6.90999953E-3,39.99999911E-3,
,,,-6.89999945E-3,39.99999911E-3,
,,,-6.88999938E-3,39.99999911E-3,
,,,-6.87999930E-3,39.99999911E-3,
,,,-6.86999923E-3,39.99999911E-3,
,,,-6.85999962E-3,39.99999911E-3,
,,,-6.84999954E-3,39.99999911E-3,
,,,-6.83999946E-3,39.99999911E-3,
,,,-6.82999939E-3,39.99999911E-3,
,,,-6.81999931E-3,39.99999911E-3,
,,,-6.80999923E-3,39.99999911E-3,
,,,-6.79999962E-3,59.999998659E-3,
,,,-6.78999955E-3,39.99999911E-3,
,,,-6.77999947E-3,39.99999911E-3,
,,,-6.76999940E-3,39.99999911E-3,
,,,-6.75999932E-3,39.99999911E-3,
,,,-6.74999924E-3,59.999998659E-3,
,,,-6.73999963E-3,39.99999911E-3,
,,,-6.72999956E-3,39.99999911E-3,
,,,-6.71999948E-3,39.99999911E-3,
,,,-6.70999940E-3,39.99999911E-3,
,,,-6.69999933E-3,39.99999911E-3,
,,,-6.68999925E-3,39.99999911E-3,
,,,-6.67999964E-3,39.99999911E-3,
,,,-6.66999957E-3,39.99999911E-3,
,,,-6.65999949E-3,39.99999911E-3,
,,,-6.64999941E-3,39.99999911E-3,
,,,-6.63999934E-3,39.99999911E-3,
,,,-6.62999926E-3,39.99999911E-3,
,,,-6.61999965E-3,39.99999911E-3,
,,,-6.60999957E-3,39.99999911E-3,
,,,-6.59999950E-3,59.999998659E-3,
,,,-6.58999942E-3,59.999998659E-3,
,,,-6.57999935E-3,59.999998659E-3,
,,,-6.56999927E-3,39.99999911E-3,
,,,-6.55999966E-3,59.999998659E-3,
,,,-6.54999958E-3,39.99999911E-3,
,,,-6.53999951E-3,59.999998659E-3,
,,,-6.52999943E-3,39.99999911E-3,
,,,-6.51999936E-3,39.99999911E-3,
,,,-6.50999928E-3,39.99999911E-3,
,,,-6.49999920E-3,59.999998659E-3,
,,,-6.48999959E-3,39.99999911E-3,
,,,-6.47999952E-3,39.99999911E-3,
,,,-6.46999944E-3,39.99999911E-3,
,,,-6.45999936E-3,59.999998659E-3,
,,,-6.44999929E-3,19.9999996E-3,
,,,-6.43999921E-3,39.99999911E-3,
,,,-6.42999960E-3,39.99999911E-3,
,,,-6.41999952E-3,59.999998659E-3,
,,,-6.40999945E-3,39.99999911E-3,
,,,-6.39999937E-3,39.99999911E-3,
,,,-6.38999930E-3,39.99999911E-3,
,,,-6.37999922E-3,39.99999911E-3,
,,,-6.36999961E-3,39.99999911E-3,
,,,-6.35999953E-3,39.99999911E-3,
,,,-6.34999946E-3,39.99999911E-3,
,,,-6.33999938E-3,59.999998659E-3,
,,,-6.32999931E-3,39.99999911E-3,
,,,-6.31999923E-3,39.99999911E-3,
,,,-6.30999962E-3,59.999998659E-3,
,,,-6.29999954E-3,39.99999911E-3,
,,,-6.28999947E-3,39.99999911E-3,
,,,-6.27999939E-3,39.99999911E-3,
,,,-6.26999931E-3,39.99999911E-3,
,,,-6.25999924E-3,39.99999911E-3,
,,,-6.24999963E-3,39.99999911E-3,
,,,-6.23999955E-3,59.999998659E-3,
,,,-6.22999948E-3,39.99999911E-3,
,,,-6.21999940E-3,39.99999911E-3,
,,,-6.20999932E-3,39.99999911E-3,
,,,-6.19999925E-3,39.99999911E-3,
,,,-6.18999964E-3,39.99999911E-3,
,,,-6.17999956E-3,39.99999911E-3,
,,,-6.16999948E-3,39.99999911E-3,
,,,-6.15999941E-3,39.99999911E-3,
,,,-6.14999933E-3,39.99999911E-3,
,,,-6.13999926E-3,59.999998659E-3,
,,,-6.12999965E-3,39.99999911E-3,
,,,-6.11999957E-3,39.99999911E-3,
,,,-6.10999949E-3,39.99999911E-3,
,,,-6.09999942E-3,39.99999911E-3,
,,,-6.08999934E-3,39.99999911E-3,
,,,-6.07999926E-3,59.999998659E-3,
,,,-6.06999965E-3,59.999998659E-3,
,,,-6.05999958E-3,39.99999911E-3,
,,,-6.04999950E-3,39.99999911E-3,
,,,-6.03999943E-3,39.99999911E-3,
,,,-6.02999935E-3,39.99999911E-3,
,,,-6.01999927E-3,39.99999911E-3,
,,,-6.00999966E-3,39.99999911E-3,
,,,-5.99999959E-3,19.9999996E-3,
,,,-5.98999951E-3,59.999998659E-3,
,,,-5.97999943E-3,39.99999911E-3,
,,,-5.96999936E-3,39.99999911E-3,
,,,-5.95999928E-3,39.99999911E-3,
,,,-5.94999967E-3,39.99999911E-3,
,,,-5.93999960E-3,39.99999911E-3,
,,,-5.92999952E-3,39.99999911E-3,
,,,-5.91999944E-3,39.99999911E-3,
,,,-5.90999937E-3,59.999998659E-3,
,,,-5.89999929E-3,39.99999911E-3,
,,,-5.88999968E-3,39.99999911E-3,
,,,-5.87999960E-3,39.99999911E-3,
,,,-5.86999953E-3,19.9999996E-3,
,,,-5.85999945E-3,39.99999911E-3,
,,,-5.84999938E-3,39.99999911E-3,
,,,-5.83999930E-3,39.99999911E-3,
,,,-5.82999922E-3,39.99999911E-3,
,,,-5.81999961E-3,39.99999911E-3,
,,,-5.80999954E-3,39.99999911E-3,
,,,-5.79999946E-3,39.99999911E-3,
,,,-5.78999938E-3,39.99999911E-3,
,,,-5.77999931E-3,59.999998659E-3,
,,,-5.76999923E-3,39.99999911E-3,
,,,-5.75999962E-3,39.99999911E-3,
,,,-5.74999955E-3,39.99999911E-3,
,,,-5.73999947E-3,19.9999996E-3,
,,,-5.72999939E-3,39.99999911E-3,
,,,-5.71999932E-3,39.99999911E-3,
,,,-5.70999924E-3,39.99999911E-3,
,,,-5.69999963E-3,39.99999911E-3,
,,,-5.68999955E-3,59.999998659E-3,
,,,-5.67999948E-3,59.999998659E-3,
,,,-5.66999940E-3,39.99999911E-3,
,,,-5.65999933E-3,39.99999911E-3,
,,,-5.64999925E-3,39.99999911E-3,
,,,-5.63999964E-3,39.99999911E-3,
,,,-5.62999956E-3,39.99999911E-3,
,,,-5.61999949E-3,59.999998659E-3,
,,,-5.60999941E-3,59.999998659E-3,
,,,-5.59999933E-3,39.99999911E-3,
,,,-5.58999926E-3,39.99999911E-3,
,,,-5.57999965E-3,39.99999911E-3,
,,,-5.56999957E-3,59.999998659E-3,
,,,-5.55999950E-3,39.99999911E-3,
,,,-5.54999942E-3,59.999998659E-3,
,,,-5.53999934E-3,59.999998659E-3,
,,,-5.52999927E-3,59.999998659E-3,
,,,-5.51999966E-3,59.999998659E-3,
,,,-5.50999958E-3,39.99999911E-3,
,,,-5.49999950E-3,39.99999911E-3,
,,,-5.48999943E-3,39.99999911E-3,
,,,-5.47999935E-3,39.99999911E-3,
,,,-5.46999928E-3,59.999998659E-3,
,,,-5.45999967E-3,39.99999911E-3,
,,,-5.44999959E-3,39.99999911E-3,
,,,-5.43999951E-3,39.99999911E-3,
,,,-5.42999944E-3,39.99999911E-3,
,,,-5.41999936E-3,39.99999911E-3,
,,,-5.40999928E-3,39.99999911E-3,
,,,-5.39999967E-3,39.99999911E-3,
,,,-5.38999960E-3,59.999998659E-3,
,,,-5.37999952E-3,39.99999911E-3,
,,,-5.36999945E-3,59.999998659E-3,
,,,-5.35999937E-3,39.99999911E-3,
,,,-5.34999929E-3,59.999998659E-3,
,,,-5.33999968E-3,39.99999911E-3,
,,,-5.32999961E-3,39.99999911E-3,
,,,-5.31999953E-3,39.99999911E-3,
,,,-5.30999945E-3,39.99999911E-3,
,,,-5.29999938E-3,59.999998659E-3,
,,,-5.28999930E-3,39.99999911E-3,
,,,-5.27999969E-3,39.99999911E-3,
,,,-5.26999962E-3,59.999998659E-3,
,,,-5.25999954E-3,39.99999911E-3,
,,,-5.24999946E-3,39.99999911E-3,
,,,-5.23999939E-3,19.9999996E-3,
,,,-5.22999931E-3,39.99999911E-3,
,,,-5.21999970E-3,39.99999911E-3,
,,,-5.20999962E-3,39.99999911E-3,
,,,-5.19999955E-3,39.99999911E-3,
,,,-5.18999947E-3,39.99999911E-3,
,,,-5.17999940E-3,39.99999911E-3,
,,,-5.16999932E-3,39.99999911E-3,
,,,-5.15999924E-3,39.99999911E-3,
,,,-5.14999963E-3,39.99999911E-3,
,,,-5.13999956E-3,39.99999911E-3,
,,,-5.12999948E-3,39.99999911E-3,
,,,-5.11999940E-3,39.99999911E-3,
,,,-5.10999933E-3,39.99999911E-3,
,,,-5.09999925E-3,59.999998659E-3,
,,,-5.08999964E-3,59.999998659E-3,
,,,-5.07999957E-3,39.99999911E-3,
,,,-5.06999949E-3,39.99999911E-3,
,,,-5.05999941E-3,39.99999911E-3,
,,,-5.04999934E-3,59.999998659E-3,
,,,-5.03999926E-3,39.99999911E-3,
,,,-5.02999965E-3,39.99999911E-3,
,,,-5.01999957E-3,59.999998659E-3,
,,,-5.00999950E-3,39.99999911E-3,
,,,-4.99999942E-3,39.99999911E-3,
,,,-4.98999935E-3,39.99999911E-3,
,,,-4.97999927E-3,39.99999911E-3,
,,,-4.96999966E-3,39.99999911E-3,
,,,-4.95999958E-3,39.99999911E-3,
,,,-4.94999951E-3,39.99999911E-3,
,,,-4.93999943E-3,39.99999911E-3,
,,,-4.92999936E-3,39.99999911E-3,
,,,-4.91999928E-3,59.999998659E-3,
,,,-4.90999967E-3,39.99999911E-3,
,,,-4.89999959E-3,39.99999911E-3,
,,,-4.88999952E-3,39.99999911E-3,
,,,-4.87999944E-3,39.99999911E-3,
,,,-4.86999936E-3,39.99999911E-3,
,,,-4.85999929E-3,39.99999911E-3,
,,,-4.84999968E-3,39.99999911E-3,
,,,-4.83999960E-3,39.99999911E-3,
,,,-4.82999953E-3,39.99999911E-3,
,,,-4.81999945E-3,39.99999911E-3,
,,,-4.80999937E-3,39.99999911E-3,
,,,-4.79999930E-3,39.99999911E-3,
,,,-4.78999969E-3,59.999998659E-3,
,,,-4.77999961E-3,39.99999911E-3,
,,,-4.76999953E-3,59.999998659E-3,
,,,-4.75999946E-3,39.99999911E-3,
,,,-4.74999938E-3,59.999998659E-3,
,,,-4.73999931E-3,39.99999911E-3,
,,,-4.72999969E-3,59.999998659E-3,
,,,-4.71999962E-3,39.99999911E-3,
,,,-4.70999954E-3,39.99999911E-3,
,,,-4.69999947E-3,39.99999911E-3,
,,,-4.68999939E-3,39.99999911E-3,
,,,-4.67999931E-3,39.99999911E-3,
,,,-4.66999970E-3,39.99999911E-3,
,,,-4.65999963E-3,39.99999911E-3,
,,,-4.64999955E-3,39.99999911E-3,
,,,-4.63999948E-3,39.99999911E-3,
,,,-4.62999940E-3,39.99999911E-3,
,,,-4.61999932E-3,59.999998659E-3,
,,,-4.60999971E-3,39.99999911E-3,
,,,-4.59999964E-3,39.99999911E-3,
,,,-4.58999956E-3,39.99999911E-3,
,,,-4.57999948E-3,39.99999911E-3,
,,,-4.56999941E-3,39.99999911E-3,
,,,-4.55999933E-3,39.99999911E-3,
,,,-4.54999926E-3,39.99999911E-3,
,,,-4.53999965E-3,39.99999911E-3,
,,,-4.52999957E-3,59.999998659E-3,
,,,-4.51999949E-3,59.999998659E-3,
,,,-4.50999942E-3,59.999998659E-3,
,,,-4.49999934E-3,39.99999911E-3,
,,,-4.48999926E-3,39.99999911E-3,
,,,-4.47999965E-3,59.999998659E-3,
,,,-4.46999958E-3,39.99999911E-3,
,,,-4.45999950E-3,39.99999911E-3,
,,,-4.44999943E-3,39.99999911E-3,
,,,-4.43999935E-3,39.99999911E-3,
,,,-4.42999927E-3,59.999998659E-3,
,,,-4.41999966E-3,39.99999911E-3,
,,,-4.40999959E-3,59.999998659E-3,
,,,-4.39999951E-3,39.99999911E-3,
,,,-4.38999943E-3,39.99999911E-3,
,,,-4.37999936E-3,59.999998659E-3,
,,,-4.36999928E-3,39.99999911E-3,
,,,-4.35999967E-3,39.99999911E-3,
,,,-4.34999960E-3,39.99999911E-3,
,,,-4.33999952E-3,59.999998659E-3,
,,,-4.32999944E-3,59.999998659E-3,
,,,-4.31999937E-3,39.99999911E-3,
,,,-4.30999929E-3,39.99999911E-3,
,,,-4.29999968E-3,39.99999911E-3,
,,,-4.28999960E-3,59.999998659E-3,
,,,-4.27999953E-3,59.999998659E-3,
,,,-4.26999945E-3,59.999998659E-3,
,,,-4.25999938E-3,39.99999911E-3,
,,,-4.24999930E-3,39.99999911E-3,
,,,-4.23999969E-3,59.999998659E-3,
,,,-4.22999961E-3,59.999998659E-3,
,,,-4.21999954E-3,59.999998659E-3,
,,,-4.20999946E-3,59.999998659E-3,
,,,-4.19999938E-3,59.999998659E-3,
,,,-4.18999931E-3,79.999998212E-3,
,,,-4.17999970E-3,99.999994040E-3,
,,,-4.16999962E-3,179.99999225E-3,
,,,-4.15999955E-3,519.999980927E-3,
,,,-4.14999947E-3,979.999959469E-3,
,,,-4.13999939E-3,1.7400000,
,,,-4.12999932E-3,2.3799999,
,,,-4.11999971E-3,1.9599999,
,,,-4.10999963E-3,1.3199999,
,,,-4.09999955E-3,899.999976158E-3,
,,,-4.08999948E-3,680.000007153E-3,
,,,-4.07999940E-3,539.999961853E-3,
,,,-4.06999933E-3,399.99997616E-3,
,,,-4.05999972E-3,299.99998212E-3,
,,,-4.04999964E-3,219.99999881E-3,
,,,-4.03999956E-3,159.99999642E-3,
,,,-4.02999949E-3,119.9999973E-3,
,,,-4.01999941E-3,99.999994040E-3,
,,,-4.00999933E-3,59.999998659E-3,
,,,-3.99999972E-3,59.999998659E-3,
,,,-3.98999965E-3,59.999998659E-3,
,,,-3.97999957E-3,59.999998659E-3,
,,,-3.96999950E-3,59.999998659E-3,
,,,-3.95999942E-3,59.999998659E-3,
,,,-3.94999934E-3,39.99999911E-3,
,,,-3.93999927E-3,59.999998659E-3,
,,,-3.92999966E-3,59.999998659E-3,
,,,-3.91999958E-3,59.999998659E-3,
,,,-3.90999950E-3,59.999998659E-3,
,,,-3.89999943E-3,39.99999911E-3,
,,,-3.88999959E-3,39.99999911E-3,
,,,-3.87999951E-3,59.999998659E-3,
,,,-3.86999943E-3,39.99999911E-3,
,,,-3.85999959E-3,39.99999911E-3,
,,,-3.84999951E-3,59.999998659E-3,
,,,-3.83999944E-3,59.999998659E-3,
,,,-3.82999959E-3,39.99999911E-3,
,,,-3.81999952E-3,39.99999911E-3,
,,,-3.80999944E-3,39.99999911E-3,
,,,-3.79999960E-3,59.999998659E-3,
,,,-3.78999952E-3,39.99999911E-3,
,,,-3.77999945E-3,39.99999911E-3,
,,,-3.76999960E-3,39.99999911E-3,
,,,-3.75999953E-3,59.999998659E-3,
,,,-3.74999945E-3,39.99999911E-3,
,,,-3.73999961E-3,39.99999911E-3,
,,,-3.72999953E-3,59.999998659E-3,
,,,-3.71999945E-3,59.999998659E-3,
,,,-3.70999961E-3,59.999998659E-3,
,,,-3.69999954E-3,39.99999911E-3,
,,,-3.68999946E-3,39.99999911E-3,
,,,-3.67999962E-3,39.99999911E-3,
,,,-3.66999954E-3,39.99999911E-3,
,,,-3.65999946E-3,39.99999911E-3,
,,,-3.64999962E-3,59.999998659E-3,
,,,-3.63999954E-3,39.99999911E-3,
,,,-3.62999947E-3,59.999998659E-3,
,,,-3.61999962E-3,59.999998659E-3,
,,,-3.60999955E-3,59.999998659E-3,
,,,-3.59999947E-3,59.999998659E-3,
,,,-3.58999940E-3,59.999998659E-3,
,,,-3.57999955E-3,39.99999911E-3,
,,,-3.56999948E-3,39.99999911E-3,
,,,-3.55999940E-3,39.99999911E-3,
,,,-3.54999956E-3,39.99999911E-3,
,,,-3.53999948E-3,59.999998659E-3,
,,,-3.52999941E-3,59.999998659E-3,
,,,-3.51999956E-3,39.99999911E-3,
,,,-3.50999949E-3,59.999998659E-3,
,,,-3.49999941E-3,59.999998659E-3,
,,,-3.48999957E-3,59.999998659E-3,
,,,-3.47999949E-3,39.99999911E-3,
,,,-3.46999941E-3,59.999998659E-3,
,,,-3.45999957E-3,59.999998659E-3,
,,,-3.44999949E-3,59.999998659E-3,
,,,-3.43999942E-3,59.999998659E-3,
,,,-3.42999958E-3,59.999998659E-3,
,,,-3.41999950E-3,59.999998659E-3,
,,,-3.40999942E-3,119.9999973E-3,
,,,-3.39999958E-3,140.0000006E-3,
,,,-3.38999950E-3,399.99997616E-3,
,,,-3.37999943E-3,819.999992847E-3,
,,,-3.36999958E-3,1.4599999,
,,,-3.35999951E-3,2.1199999,
,,,-3.34999943E-3,1.9799999,
,,,-3.33999959E-3,1.3600000,
,,,-3.32999951E-3,919.999957085E-3,
,,,-3.31999944E-3,659.999966621E-3,
,,,-3.30999959E-3,539.999961853E-3,
,,,-3.29999952E-3,419.999986887E-3,
,,,-3.28999944E-3,299.99998212E-3,
,,,-3.27999960E-3,239.99999464E-3,
,,,-3.26999952E-3,159.99999642E-3,
,,,-3.25999944E-3,119.9999973E-3,
,,,-3.24999960E-3,99.999994040E-3,
,,,-3.23999953E-3,79.999998212E-3,
,,,-3.22999945E-3,59.999998659E-3,
,,,-3.21999961E-3,59.999998659E-3,
,,,-3.20999953E-3,59.999998659E-3,
,,,-3.19999945E-3,59.999998659E-3,
,,,-3.18999961E-3,59.999998659E-3,
,,,-3.17999953E-3,59.999998659E-3,
,,,-3.16999946E-3,39.99999911E-3,
,,,-3.15999961E-3,59.999998659E-3,
,,,-3.14999954E-3,59.999998659E-3,
,,,-3.13999946E-3,39.99999911E-3,
,,,-3.12999962E-3,59.999998659E-3,
,,,-3.11999954E-3,39.99999911E-3,
,,,-3.10999947E-3,39.99999911E-3,
,,,-3.09999962E-3,59.999998659E-3,
,,,-3.08999955E-3,59.999998659E-3,
,,,-3.07999947E-3,39.99999911E-3,
,,,-3.06999963E-3,39.99999911E-3,
,,,-3.05999955E-3,39.99999911E-3,
,,,-3.04999948E-3,39.99999911E-3,
,,,-3.03999963E-3,59.999998659E-3,
,,,-3.02999956E-3,39.99999911E-3,
,,,-3.01999948E-3,39.99999911E-3,
,,,-3.00999964E-3,39.99999911E-3,
,,,-2.99999956E-3,39.99999911E-3,
,,,-2.98999948E-3,39.99999911E-3,
,,,-2.97999941E-3,59.999998659E-3,
,,,-2.96999956E-3,39.99999911E-3,
,,,-2.95999949E-3,59.999998659E-3,
,,,-2.94999941E-3,39.99999911E-3,
,,,-2.93999957E-3,59.999998659E-3,
,,,-2.92999949E-3,39.99999911E-3,
,,,-2.91999942E-3,39.99999911E-3,
,,,-2.90999957E-3,39.99999911E-3,
,,,-2.89999950E-3,39.99999911E-3,
,,,-2.88999942E-3,39.99999911E-3,
,,,-2.87999958E-3,39.99999911E-3,
,,,-2.86999950E-3,39.99999911E-3,
,,,-2.85999943E-3,39.99999911E-3,
,,,-2.84999958E-3,39.99999911E-3,
,,,-2.83999951E-3,39.99999911E-3,
,,,-2.82999943E-3,19.9999996E-3,
,,,-2.81999959E-3,59.999998659E-3,
,,,-2.80999951E-3,39.99999911E-3,
,,,-2.79999943E-3,59.999998659E-3,
,,,-2.78999959E-3,39.99999911E-3,
,,,-2.77999952E-3,59.999998659E-3,
,,,-2.76999944E-3,19.9999996E-3,
,,,-2.75999960E-3,39.99999911E-3,
,,,-2.74999952E-3,39.99999911E-3,
,,,-2.73999944E-3,39.99999911E-3,
,,,-2.72999960E-3,59.999998659E-3,
,,,-2.71999952E-3,59.999998659E-3,
,,,-2.7099994E-3,59.999998659E-3,
,,,-2.6999996E-3,39.99999911E-3,
,,,-2.6899995E-3,39.99999911E-3,
,,,-2.6799995E-3,39.99999911E-3,
,,,-2.6699996E-3,39.99999911E-3,
,,,-2.6599995E-3,39.99999911E-3,
,,,-2.6499995E-3,39.99999911E-3,
,,,-2.6399996E-3,39.99999911E-3,
,,,-2.6299995E-3,39.99999911E-3,
,,,-2.6199995E-3,59.999998659E-3,
,,,-2.6099996E-3,59.999998659E-3,
,,,-2.5999995E-3,39.99999911E-3,
,,,-2.5899995E-3,39.99999911E-3,
,,,-2.5799996E-3,39.99999911E-3,
,,,-2.5699995E-3,59.999998659E-3,
,,,-2.5599995E-3,59.999998659E-3,
,,,-2.5499996E-3,39.99999911E-3,
,,,-2.5399996E-3,59.999998659E-3,
,,,-2.5299995E-3,39.99999911E-3,
,,,-2.5199996E-3,59.999998659E-3,
,,,-2.5099996E-3,39.99999911E-3,
,,,-2.4999995E-3,59.999998659E-3,
,,,-2.4899996E-3,59.999998659E-3,
,,,-2.4799996E-3,39.99999911E-3,
,,,-2.4699995E-3,19.9999996E-3,
,,,-2.4599996E-3,59.999998659E-3,
,,,-2.4499996E-3,39.99999911E-3,
,,,-2.4399995E-3,59.999998659E-3,
,,,-2.4299996E-3,59.999998659E-3,
,,,-2.4199996E-3,59.999998659E-3,
,,,-2.4099995E-3,59.999998659E-3,
,,,-2.3999996E-3,39.99999911E-3,
,,,-2.3899996E-3,59.999998659E-3,
,,,-2.3799995E-3,59.999998659E-3,
,,,-2.3699997E-3,39.99999911E-3,
,,,-2.3599996E-3,39.99999911E-3,
,,,-2.3499995E-3,39.99999911E-3,
,,,-2.3399997E-3,39.99999911E-3,
,,,-2.3299996E-3,59.999998659E-3,
,,,-2.3199995E-3,59.999998659E-3,
,,,-2.3099994E-3,39.99999911E-3,
,,,-2.2999996E-3,39.99999911E-3,
,,,-2.2899995E-3,39.99999911E-3,
,,,-2.2799994E-3,39.99999911E-3,
,,,-2.2699996E-3,39.99999911E-3,
,,,-2.2599995E-3,39.99999911E-3,
,,,-2.2499994E-3,39.99999911E-3,
,,,-2.2399996E-3,39.99999911E-3,
,,,-2.2299995E-3,59.999998659E-3,
,,,-2.2199994E-3,39.99999911E-3,
,,,-2.2099996E-3,59.999998659E-3,
,,,-2.1999995E-3,39.99999911E-3,
,,,-2.1899994E-3,39.99999911E-3,
,,,-2.1799996E-3,39.99999911E-3,
,,,-2.1699995E-3,39.99999911E-3,
,,,-2.1599995E-3,39.99999911E-3,
,,,-2.1499996E-3,39.99999911E-3,
,,,-2.1399995E-3,39.99999911E-3,
,,,-2.1299995E-3,39.99999911E-3,
,,,-2.1199996E-3,59.999998659E-3,
,,,-2.1099995E-3,39.99999911E-3,
,,,-2.0999995E-3,39.99999911E-3,
,,,-2.0899996E-3,39.99999911E-3,
,,,-2.0799995E-3,39.99999911E-3,
,,,-2.0699995E-3,39.99999911E-3,
,,,-2.0599996E-3,39.99999911E-3,
,,,-2.0499995E-3,39.99999911E-3,
,,,-2.0399995E-3,39.99999911E-3,
,,,-2.0299996E-3,59.999998659E-3,
,,,-2.0199995E-3,39.99999911E-3,
,,,-2.0099995E-3,59.999998659E-3,
,,,-1.9999996E-3,59.999998659E-3,
,,,-1.9899996E-3,39.99999911E-3,
,,,-1.9799995E-3,39.99999911E-3,
,,,-1.9699996E-3,59.999998659E-3,
,,,-1.9599996E-3,39.99999911E-3,
,,,-1.9499996E-3,39.99999911E-3,
,,,-1.9399995E-3,39.99999911E-3,
,,,-1.9299996E-3,59.999998659E-3,
,,,-1.9199996E-3,39.99999911E-3,
,,,-1.9099995E-3,59.999998659E-3,
,,,-1.8999996E-3,39.99999911E-3,
,,,-1.8899996E-3,39.99999911E-3,
,,,-1.8799995E-3,39.99999911E-3,
,,,-1.8699996E-3,39.99999911E-3,
,,,-1.8599995E-3,39.99999911E-3,
,,,-1.8499995E-3,39.99999911E-3,
,,,-1.8399996E-3,39.99999911E-3,
,,,-1.8299995E-3,39.99999911E-3,
,,,-1.8199995E-3,39.99999911E-3,
,,,-1.8099996E-3,39.99999911E-3,
,,,-1.7999995E-3,39.99999911E-3,
,,,-1.7899995E-3,39.99999911E-3,
,,,-1.7799996E-3,39.99999911E-3,
,,,-1.7699995E-3,59.999998659E-3,
,,,-1.7599995E-3,39.99999911E-3,
,,,-1.7499996E-3,59.999998659E-3,
,,,-1.7399995E-3,59.999998659E-3,
,,,-1.7299996E-3,59.999998659E-3,
,,,-1.7199996E-3,59.999998659E-3,
,,,-1.7099995E-3,39.99999911E-3,
,,,-1.6999996E-3,59.999998659E-3,
,,,-1.6899996E-3,59.999998659E-3,
,,,-1.6799995E-3,59.999998659E-3,
,,,-1.6699996E-3,39.99999911E-3,
,,,-1.6599996E-3,39.99999911E-3,
,,,-1.6499995E-3,59.999998659E-3,
,,,-1.6399996E-3,39.99999911E-3,
,,,-1.6299996E-3,39.99999911E-3,
,,,-1.6199995E-3,59.999998659E-3,
,,,-1.6099996E-3,39.99999911E-3,
,,,-1.5999996E-3,59.999998659E-3,
,,,-1.5899995E-3,39.99999911E-3,
,,,-1.5799996E-3,39.99999911E-3,
,,,-1.5699996E-3,59.999998659E-3,
,,,-1.5599995E-3,39.99999911E-3,
,,,-1.5499996E-3,39.99999911E-3,
,,,-1.5399996E-3,59.999998659E-3,
,,,-1.5299995E-3,39.99999911E-3,
,,,-1.5199996E-3,59.999998659E-3,
,,,-1.5099995E-3,19.9999996E-3,
,,,-1.4999995E-3,39.99999911E-3,
,,,-1.4899996E-3,39.99999911E-3,
,,,-1.4799995E-3,39.99999911E-3,
,,,-1.4699996E-3,59.999998659E-3,
,,,-1.4599996E-3,39.99999911E-3,
,,,-1.4499995E-3,39.99999911E-3,
,,,-1.4399996E-3,39.99999911E-3,
,,,-1.4299996E-3,39.99999911E-3,
,,,-1.4199995E-3,39.99999911E-3,
,,,-1.4099996E-3,39.99999911E-3,
,,,-1.3999996E-3,39.99999911E-3,
,,,-1.3899995E-3,59.999998659E-3,
,,,-1.3799996E-3,39.99999911E-3,
,,,-1.3699996E-3,39.99999911E-3,
,,,-1.3599995E-3,39.99999911E-3,
,,,-1.3499996E-3,39.99999911E-3,
,,,-1.3399996E-3,39.99999911E-3,
,,,-1.3299995E-3,39.99999911E-3,
,,,-1.3199996E-3,19.9999996E-3,
,,,-1.3099996E-3,39.99999911E-3,
,,,-1.2999995E-3,39.99999911E-3,
,,,-1.2899996E-3,39.99999911E-3,
,,,-1.2799996E-3,59.999998659E-3,
,,,-1.2699995E-3,59.999998659E-3,
,,,-1.2599996E-3,39.99999911E-3,
,,,-1.2499996E-3,39.99999911E-3,
,,,-1.2399995E-3,39.99999911E-3,
,,,-1.2299996E-3,59.999998659E-3,
,,,-1.2199995E-3,39.99999911E-3,
,,,-1.2099996E-3,59.999998659E-3,
,,,-1.1999996E-3,59.999998659E-3,
,,,-1.1899995E-3,39.99999911E-3,
,,,-1.1799996E-3,59.999998659E-3,
,,,-1.1699996E-3,39.99999911E-3,
,,,-1.1599995E-3,59.999998659E-3,
,,,-1.1499996E-3,59.999998659E-3,
,,,-1.1399996E-3,39.99999911E-3,
,,,-1.1299995E-3,39.99999911E-3,
,,,-1.1199996E-3,39.99999911E-3,
,,,-1.1099996E-3,39.99999911E-3,
,,,-1.0999995E-3,39.99999911E-3,
,,,-1.0899996E-3,39.99999911E-3,
,,,-1.0799996E-3,59.999998659E-3,
,,,-1.0699995E-3,39.99999911E-3,
,,,-1.0599996E-3,59.999998659E-3,
,,,-1.0499996E-3,39.99999911E-3,
,,,-1.0399995E-3,59.999998659E-3,
,,,-1.0299996E-3,39.99999911E-3,
,,,-1.0199996E-3,39.99999911E-3,
,,,-1.0099995E-3,39.99999911E-3,
,,,-999.999581836E-6,39.99999911E-3,
,,,-989.999622107E-6,39.99999911E-3,
,,,-979.999545962E-6,19.9999996E-3,
,,,-969.999586232E-6,39.99999911E-3,
,,,-959.999568295E-6,39.99999911E-3,
,,,-949.999550357E-6,39.99999911E-3,
,,,-939.999590628E-6,39.99999911E-3,
,,,-929.999572691E-6,39.99999911E-3,
,,,-919.999554753E-6,39.99999911E-3,
,,,-909.999595024E-6,39.99999911E-3,
,,,-899.999577086E-6,39.99999911E-3,
,,,-889.999559149E-6,39.99999911E-3,
,,,-879.999599420E-6,39.99999911E-3,
,,,-869.999581482E-6,59.999998659E-3,
,,,-859.999563545E-6,39.99999911E-3,
,,,-849.999603815E-6,39.99999911E-3,
,,,-839.999585878E-6,39.99999911E-3,
,,,-829.999567941E-6,39.99999911E-3,
,,,-819.999608211E-6,39.99999911E-3,
,,,-809.999590274E-6,59.999998659E-3,
,,,-799.999572337E-6,39.99999911E-3,
,,,-789.999554399E-6,39.99999911E-3,
,,,-779.999594670E-6,39.99999911E-3,
,,,-769.999576733E-6,39.99999911E-3,
,,,-759.999558795E-6,19.9999996E-3,
,,,-749.999599066E-6,39.99999911E-3,
,,,-739.999581128E-6,39.99999911E-3,
,,,-729.999563191E-6,39.99999911E-3,
,,,-719.999603461E-6,39.99999911E-3,
,,,-709.999585524E-6,39.99999911E-3,
,,,-699.999567587E-6,59.999998659E-3,
,,,-689.999607857E-6,39.99999911E-3,
,,,-679.999589920E-6,39.99999911E-3,
,,,-669.999571983E-6,59.999998659E-3,
,,,-659.999554045E-6,59.999998659E-3,
,,,-649.999594316E-6,59.999998659E-3,
,,,-639.999576379E-6,59.999998659E-3,
,,,-629.999558441E-6,39.99999911E-3,
,,,-619.999598712E-6,39.99999911E-3,
,,,-609.999580774E-6,39.99999911E-3,
,,,-599.999562837E-6,59.999998659E-3,
,,,-589.999603108E-6,39.99999911E-3,
,,,-579.999585170E-6,59.999998659E-3,
,,,-569.999567233E-6,39.99999911E-3,
,,,-559.999607503E-6,39.99999911E-3,
,,,-549.999589566E-6,39.99999911E-3,
,,,-539.999571629E-6,59.999998659E-3,
,,,-529.999611899E-6,39.99999911E-3,
,,,-519.999593962E-6,59.999998659E-3,
,,,-509.999576025E-6,59.999998659E-3,
,,,-499.999616295E-6,39.99999911E-3,
,,,-489.999598358E-6,39.99999911E-3,
,,,-479.999580421E-6,59.999998659E-3,
,,,-469.999591587E-6,39.99999911E-3,
,,,-459.999602754E-6,39.99999911E-3,
,,,-449.999584816E-6,39.99999911E-3,
,,,-439.999595983E-6,39.99999911E-3,
,,,-429.999578046E-6,59.999998659E-3,
,,,-419.999589212E-6,19.9999996E-3,
,,,-409.999600379E-6,39.99999911E-3,
,,,-399.99958244E-6,39.99999911E-3,
,,,-389.99959361E-6,39.99999911E-3,
,,,-379.99957567E-6,59.999998659E-3,
,,,-369.99958684E-6,19.9999996E-3,
,,,-359.99959800E-6,39.99999911E-3,
,,,-349.99958007E-6,39.99999911E-3,
,,,-339.99959123E-6,39.99999911E-3,
,,,-329.99960240E-6,39.99999911E-3,
,,,-319.99958446E-6,59.999998659E-3,
,,,-309.99959563E-6,39.99999911E-3,
,,,-299.99960680E-6,59.999998659E-3,
,,,-289.99958886E-6,39.99999911E-3,
,,,-279.99960002E-6,59.999998659E-3,
,,,-269.99958209E-6,59.999998659E-3,
,,,-259.99959325E-6,59.999998659E-3,
,,,-249.99960442E-6,39.99999911E-3,
,,,-239.99958648E-6,59.999998659E-3,
,,,-229.99959765E-6,39.99999911E-3,
,,,-219.99959426E-6,39.99999911E-3,
,,,-209.99959088E-6,59.999998659E-3,
,,,-199.99960205E-6,39.99999911E-3,
,,,-189.99959866E-6,39.99999911E-3,
,,,-179.99959528E-6,39.99999911E-3,
,,,-169.99959189E-6,39.99999911E-3,
,,,-159.99958850E-6,59.999998659E-3,
,,,-149.99959967E-6,39.99999911E-3,
,,,-139.9995963E-6,39.99999911E-3,
,,,-129.9995929E-6,19.9999996E-3,
,,,-119.9995968E-6,39.99999911E-3,
,,,-109.9996007E-6,59.999998659E-3,
,,,-99.999597296E-6,39.99999911E-3,
,,,-89.999593911E-6,59.999998659E-3,
,,,-79.999597801E-6,39.99999911E-3,
,,,-69.999601692E-6,39.99999911E-3,
,,,-59.999598307E-6,39.99999911E-3,
,,,-49.99959856E-6,59.999998659E-3,
,,,-39.99959881E-6,39.99999911E-3,
,,,-29.99959906E-6,39.99999911E-3,
,,,-19.9995993E-6,39.99999911E-3,
,,,-9.999599570E-6,39.99999911E-3,
,,,400.17766714E-12,39.99999911E-3,
,,,10.0003999E-6,39.99999911E-3,
,,,20.0003997E-6,39.99999911E-3,
,,,30.00039942E-6,59.999998659E-3,
,,,40.00039917E-6,39.99999911E-3,
,,,50.00039891E-6,59.999998659E-3,
,,,60.000398662E-6,39.99999911E-3,
,,,70.000402047E-6,39.99999911E-3,
,,,80.000398157E-6,39.99999911E-3,
,,,90.000394266E-6,39.99999911E-3,
,,,100.0003977E-6,59.999998659E-3,
,,,110.0004010E-6,39.99999911E-3,
,,,120.0003971E-6,39.99999911E-3,
,,,130.0003933E-6,39.99999911E-3,
,,,140.0003966E-6,39.99999911E-3,
,,,150.00040003E-6,59.999998659E-3,
,,,160.00040341E-6,39.99999911E-3,
,,,170.00039225E-6,39.99999911E-3,
,,,180.00039563E-6,39.99999911E-3,
,,,190.00039902E-6,39.99999911E-3,
,,,200.00038785E-6,59.999998659E-3,
,,,210.00039123E-6,39.99999911E-3,
,,,220.00039462E-6,59.999998659E-3,
,,,230.00039801E-6,59.999998659E-3,
,,,240.00040139E-6,39.99999911E-3,
,,,250.00039022E-6,59.999998659E-3,
,,,260.00040816E-6,59.999998659E-3,
,,,270.00039699E-6,59.999998659E-3,
,,,280.00038583E-6,39.99999911E-3,
,,,290.00040377E-6,59.999998659E-3,
,,,300.00039260E-6,39.99999911E-3,
,,,310.00038143E-6,39.99999911E-3,
,,,320.00039937E-6,39.99999911E-3,
,,,330.00038820E-6,59.999998659E-3,
,,,340.00037704E-6,39.99999911E-3,
,,,350.00039497E-6,59.999998659E-3,
,,,360.00038381E-6,39.99999911E-3,
,,,370.00040174E-6,39.99999911E-3,
,,,380.00039058E-6,39.99999911E-3,
,,,390.00037941E-6,19.9999996E-3,
,,,400.00039735E-6,59.999998659E-3,
,,,410.000386182E-6,39.99999911E-3,
,,,420.000404119E-6,39.99999911E-3,
,,,430.000392953E-6,59.999998659E-3,
,,,440.000381786E-6,59.999998659E-3,
,,,450.000399724E-6,39.99999911E-3,
,,,460.000388557E-6,500.000000000E-3,
,,,470.000377391E-6,219.99999881E-3,
,,,480.000395328E-6,119.9999973E-3,
,,,490.000413265E-6,59.999998659E-3,
,,,500.000372995E-6,79.999998212E-3,
,,,510.000390932E-6,419.999986887E-3,
,,,520.000408869E-6,199.99998808E-3,
,,,530.000368599E-6,99.999994040E-3,
,,,540.000386536E-6,59.999998659E-3,
,,,550.000404473E-6,39.99999911E-3,
,,,560.000364203E-6,59.999998659E-3,
,,,570.000382140E-6,59.999998659E-3,
,,,580.000400078E-6,39.99999911E-3,
,,,590.000359807E-6,39.99999911E-3,
,,,600.000377744E-6,39.99999911E-3,
,,,610.000395682E-6,39.99999911E-3,
,,,620.000413619E-6,39.99999911E-3,
,,,630.000373349E-6,59.999998659E-3,
,,,640.000391286E-6,39.99999911E-3,
,,,650.000409223E-6,59.999998659E-3,
,,,660.000368953E-6,39.99999911E-3,
,,,670.000386890E-6,59.999998659E-3,
,,,680.000404827E-6,59.999998659E-3,
,,,690.000364557E-6,59.999998659E-3,
,,,700.000382494E-6,39.99999911E-3,
,,,710.000400431E-6,59.999998659E-3,
,,,720.000360161E-6,59.999998659E-3,
,,,730.000378098E-6,59.999998659E-3,
,,,740.000396036E-6,39.99999911E-3,
,,,750.000355765E-6,39.99999911E-3,
,,,760.000373702E-6,39.99999911E-3,
,,,770.000391640E-6,39.99999911E-3,
,,,780.000351369E-6,39.99999911E-3,
,,,790.000369307E-6,59.999998659E-3,
,,,800.000387244E-6,39.99999911E-3,
,,,810.000405181E-6,39.99999911E-3,
,,,820.000364911E-6,39.99999911E-3,
,,,830.000382848E-6,39.99999911E-3,
,,,840.000400785E-6,39.99999911E-3,
,,,850.000360515E-6,39.99999911E-3,
,,,860.000378452E-6,39.99999911E-3,
,,,870.000396390E-6,39.99999911E-3,
,,,880.000356119E-6,39.99999911E-3,
,,,890.000374056E-6,39.99999911E-3,
,,,900.000391994E-6,39.99999911E-3,
,,,910.000351723E-6,99.999994040E-3,
,,,920.000369661E-6,299.99998212E-3,
,,,930.000387598E-6,119.9999973E-3,
,,,940.000405535E-6,59.999998659E-3,
,,,950.000365265E-6,199.99998808E-3,
,,,960.000383202E-6,259.99999046E-3,
,,,970.000401139E-6,140.0000006E-3,
,,,980.000360869E-6,59.999998659E-3,
,,,990.000320598E-6,59.999998659E-3,
,,,1.0000004E-3,39.99999911E-3,
,,,1.0100004E-3,39.99999911E-3,
,,,1.0200003E-3,39.99999911E-3,
,,,1.0300004E-3,39.99999911E-3,
,,,1.0400004E-3,39.99999911E-3,
,,,1.0500004E-3,39.99999911E-3,
,,,1.0600004E-3,39.99999911E-3,
,,,1.0700003E-3,59.999998659E-3,
,,,1.0800004E-3,39.99999911E-3,
,,,1.0900004E-3,39.99999911E-3,
,,,1.1000003E-3,39.99999911E-3,
,,,1.1100004E-3,39.99999911E-3,
,,,1.1200004E-3,39.99999911E-3,
,,,1.1300003E-3,19.9999996E-3,
,,,1.1400004E-3,59.999998659E-3,
,,,1.1500004E-3,39.99999911E-3,
,,,1.1600003E-3,39.99999911E-3,
,,,1.1700004E-3,59.999998659E-3,
,,,1.1800004E-3,59.999998659E-3,
,,,1.1900003E-3,59.999998659E-3,
,,,1.2000004E-3,39.99999911E-3,
,,,1.2100004E-3,39.99999911E-3,
,,,1.2200003E-3,39.99999911E-3,
,,,1.2300004E-3,39.99999911E-3,
,,,1.2400004E-3,39.99999911E-3,
,,,1.2500003E-3,59.999998659E-3,
,,,1.2600004E-3,39.99999911E-3,
,,,1.2700004E-3,59.999998659E-3,
,,,1.2800003E-3,59.999998659E-3,
,,,1.2900004E-3,39.99999911E-3,
,,,1.3000004E-3,59.999998659E-3,
,,,1.3100003E-3,119.9999973E-3,
,,,1.3200004E-3,259.99999046E-3,
,,,1.3300003E-3,119.9999973E-3,
,,,1.3400004E-3,79.999998212E-3,
,,,1.3500004E-3,479.999989271E-3,
,,,1.3600003E-3,199.99998808E-3,
,,,1.3700004E-3,99.999994040E-3,
,,,1.3800004E-3,59.999998659E-3,
,,,1.3900003E-3,59.999998659E-3,
,,,1.4000004E-3,39.99999911E-3,
,,,1.4100004E-3,59.999998659E-3,
,,,1.4200003E-3,59.999998659E-3,
,,,1.4300004E-3,39.99999911E-3,
,,,1.4400004E-3,19.9999996E-3,
,,,1.4500003E-3,39.99999911E-3,
,,,1.4600004E-3,59.999998659E-3,
,,,1.4700004E-3,39.99999911E-3,
,,,1.4800003E-3,39.99999911E-3,
,,,1.4900004E-3,59.999998659E-3,
,,,1.5000004E-3,19.9999996E-3,
,,,1.5100003E-3,59.999998659E-3,
,,,1.5200004E-3,59.999998659E-3,
,,,1.5300004E-3,39.99999911E-3,
,,,1.5400003E-3,59.999998659E-3,
,,,1.5500004E-3,39.99999911E-3,
,,,1.5600004E-3,59.999998659E-3,
,,,1.5700003E-3,59.999998659E-3,
,,,1.5800004E-3,39.99999911E-3,
,,,1.5900003E-3,59.999998659E-3,
,,,1.6000003E-3,39.99999911E-3,
,,,1.6100004E-3,39.99999911E-3,
,,,1.6200003E-3,39.99999911E-3,
,,,1.6300003E-3,59.999998659E-3,
,,,1.6400004E-3,39.99999911E-3,
,,,1.6500003E-3,39.99999911E-3,
,,,1.6600003E-3,39.99999911E-3,
,,,1.6700004E-3,39.99999911E-3,
,,,1.6800003E-3,39.99999911E-3,
,,,1.6900004E-3,419.999986887E-3,
,,,1.7000004E-3,159.99999642E-3,
,,,1.7100003E-3,99.999994040E-3,
,,,1.7200004E-3,179.99999225E-3,
,,,1.7300004E-3,239.99999464E-3,
,,,1.7400003E-3,119.9999973E-3,
,,,1.7500004E-3,79.999998212E-3,
,,,1.7600004E-3,59.999998659E-3,
,,,1.7700003E-3,39.99999911E-3,
,,,1.7800004E-3,39.99999911E-3,
,,,1.7900004E-3,39.99999911E-3,
,,,1.8000003E-3,59.999998659E-3,
,,,1.8100004E-3,59.999998659E-3,
,,,1.8200004E-3,39.99999911E-3,
,,,1.8300003E-3,59.999998659E-3,
,,,1.8400004E-3,39.99999911E-3,
,,,1.8500003E-3,39.99999911E-3,
,,,1.8600003E-3,39.99999911E-3,
,,,1.8700004E-3,59.999998659E-3,
,,,1.8800003E-3,39.99999911E-3,
,,,1.8900003E-3,39.99999911E-3,
,,,1.9000004E-3,39.99999911E-3,
,,,1.9100003E-3,39.99999911E-3,
,,,1.9200003E-3,39.99999911E-3,
,,,1.9300004E-3,39.99999911E-3,
,,,1.9400003E-3,39.99999911E-3,
,,,1.9500003E-3,39.99999911E-3,
,,,1.9600003E-3,39.99999911E-3,
,,,1.9700003E-3,39.99999911E-3,
,,,1.9800004E-3,39.99999911E-3,
,,,1.9900003E-3,39.99999911E-3,
,,,2.0000003E-3,39.99999911E-3,
,,,2.0100004E-3,39.99999911E-3,
,,,2.0200002E-3,39.99999911E-3,
,,,2.0300003E-3,39.99999911E-3,
,,,2.0400004E-3,39.99999911E-3,
,,,2.0500002E-3,459.999978542E-3,
,,,2.0600003E-3,179.99999225E-3,
,,,2.0700004E-3,99.999994040E-3,
,,,2.0800002E-3,319.99999285E-3,
,,,2.0900003E-3,199.99998808E-3,
,,,2.1000004E-3,99.999994040E-3,
,,,2.1100002E-3,79.999998212E-3,
,,,2.1200003E-3,59.999998659E-3,
,,,2.1300004E-3,59.999998659E-3,
,,,2.1400005E-3,39.99999911E-3,
,,,2.1500003E-3,39.99999911E-3,
,,,2.1600004E-3,39.99999911E-3,
,,,2.1700005E-3,39.99999911E-3,
,,,2.1800003E-3,39.99999911E-3,
,,,2.1900004E-3,39.99999911E-3,
,,,2.2000005E-3,39.99999911E-3,
,,,2.2100003E-3,39.99999911E-3,
,,,2.2200004E-3,59.999998659E-3,
,,,2.2300004E-3,39.99999911E-3,
,,,2.2400003E-3,39.99999911E-3,
,,,2.2500004E-3,59.999998659E-3,
,,,2.2600004E-3,39.99999911E-3,
,,,2.2700003E-3,39.99999911E-3,
,,,2.2800004E-3,39.99999911E-3,
,,,2.2900004E-3,39.99999911E-3,
,,,2.3000003E-3,59.999998659E-3,
,,,2.3100004E-3,59.999998659E-3,
,,,2.3200004E-3,39.99999911E-3,
,,,2.3300003E-3,19.9999996E-3,
,,,2.3400004E-3,59.999998659E-3,
,,,2.3500004E-3,59.999998659E-3,
,,,2.3600003E-3,59.999998659E-3,
,,,2.3700004E-3,39.99999911E-3,
,,,2.3800004E-3,59.999998659E-3,
,,,2.3900003E-3,39.99999911E-3,
,,,2.4000003E-3,59.999998659E-3,
,,,2.4100004E-3,59.999998659E-3,
,,,2.4200003E-3,39.99999911E-3,
,,,2.4300003E-3,39.99999911E-3,
,,,2.4400004E-3,59.999998659E-3,
,,,2.4500003E-3,59.999998659E-3,
,,,2.4600003E-3,39.99999911E-3,
,,,2.4700004E-3,39.99999911E-3,
,,,2.4800003E-3,39.99999911E-3,
,,,2.4900003E-3,59.999998659E-3,
