Record Length,2500,Points,-35.00000015E-3,16.0000008E-3,
Sample Interval,19.9999995E-6,s,-34.97999907E-3,16.0000008E-3,
Trigger Point,1.7500001E3,Samples,-34.96000171E-3,16.0000008E-3,
,,,-34.94000062E-3,16.0000008E-3,
,,,-34.91999954E-3,16.0000008E-3,
,,,-34.89999846E-3,16.0000008E-3,
Source,CH1,,-34.88000110E-3,16.0000008E-3,
Vertical Units,Volts,,-34.86000001E-3,16.0000008E-3,
Vertical Scale,200.00000950E-3,,-34.83999893E-3,16.0000008E-3,
Vertical Offset,0,,-34.82000157E-3,16.0000008E-3,
Horizontal Units,s,,-34.80000049E-3,16.0000008E-3,
Horizontal Scale,4.99999987E-3,,-34.77999941E-3,16.0000008E-3,
Pt Fmt,Y,,-34.75999832E-3,16.0000008E-3,
Yzero,-3.52000000,,-34.74000096E-3,16.0000008E-3,
Probe Atten,1.000000,,-34.71999988E-3,8.000000380E-3,
,,,-34.69999880E-3,8.000000380E-3,
Note,TDS 1001B - 12:41:07   29/10/2024,,-34.68000144E-3,16.0000008E-3,
,,,-34.66000035E-3,8.000000380E-3,
,,,-34.63999927E-3,8.000000380E-3,
,,,-34.62000191E-3,8.000000380E-3,
,,,-34.60000083E-3,16.0000008E-3,
,,,-34.57999974E-3,8.000000380E-3,
,,,-34.55999866E-3,8.000000380E-3,
,,,-34.54000130E-3,8.000000380E-3,
,,,-34.52000022E-3,16.0000008E-3,
,,,-34.49999914E-3,16.0000008E-3,
,,,-34.48000178E-3,8.000000380E-3,
,,,-34.46000069E-3,8.000000380E-3,
,,,-34.43999961E-3,16.0000008E-3,
,,,-34.41999853E-3,16.0000008E-3,
,,,-34.40000117E-3,8.000000380E-3,
,,,-34.38000008E-3,16.0000008E-3,
,,,-34.35999900E-3,8.000000380E-3,
,,,-34.34000164E-3,16.0000008E-3,
,,,-34.32000056E-3,16.0000008E-3,
,,,-34.29999948E-3,16.0000008E-3,
,,,-34.27999839E-3,16.0000008E-3,
,,,-34.26000103E-3,16.0000008E-3,
,,,-34.23999995E-3,16.0000008E-3,
,,,-34.21999887E-3,16.0000008E-3,
,,,-34.20000151E-3,16.0000008E-3,
,,,-34.18000042E-3,16.0000008E-3,
,,,-34.15999934E-3,8.000000380E-3,
,,,-34.14000198E-3,8.000000380E-3,
,,,-34.12000090E-3,16.0000008E-3,
,,,-34.09999982E-3,16.0000008E-3,
,,,-34.07999873E-3,16.0000008E-3,
,,,-34.06000137E-3,16.0000008E-3,
,,,-34.04000029E-3,16.0000008E-3,
,,,-34.01999921E-3,16.0000008E-3,
,,,-34.00000185E-3,8.000000380E-3,
,,,-33.98000076E-3,16.0000008E-3,
,,,-33.95999968E-3,8.000000380E-3,
,,,-33.93999860E-3,16.0000008E-3,
,,,-33.92000124E-3,16.0000008E-3,
,,,-33.90000015E-3,8.000000380E-3,
,,,-33.87999907E-3,8.000000380E-3,
,,,-33.86000171E-3,8.000000380E-3,
,,,-33.84000063E-3,16.0000008E-3,
,,,-33.81999955E-3,16.0000008E-3,
,,,-33.79999846E-3,16.0000008E-3,
,,,-33.78000110E-3,16.0000008E-3,
,,,-33.76000002E-3,16.0000008E-3,
,,,-33.73999894E-3,16.0000008E-3,
,,,-33.72000158E-3,8.000000380E-3,
,,,-33.70000049E-3,16.0000008E-3,
,,,-33.67999941E-3,8.000000380E-3,
,,,-33.65999833E-3,8.000000380E-3,
,,,-33.64000097E-3,16.0000008E-3,
,,,-33.61999989E-3,8.000000380E-3,
,,,-33.59999880E-3,8.000000380E-3,
,,,-33.58000144E-3,16.0000008E-3,
,,,-33.56000036E-3,8.000000380E-3,
,,,-33.53999928E-3,8.000000380E-3,
,,,-33.52000192E-3,8.000000380E-3,
,,,-33.50000083E-3,16.0000008E-3,
,,,-33.47999975E-3,8.000000380E-3,
,,,-33.45999867E-3,8.000000380E-3,
,,,-33.44000131E-3,16.0000008E-3,
,,,-33.42000023E-3,8.000000380E-3,
,,,-33.39999914E-3,8.000000380E-3,
,,,-33.38000178E-3,8.000000380E-3,
,,,-33.36000070E-3,16.0000008E-3,
,,,-33.33999962E-3,16.0000008E-3,
,,,-33.31999853E-3,8.000000380E-3,
,,,-33.30000117E-3,8.000000380E-3,
,,,-33.28000009E-3,8.000000380E-3,
,,,-33.25999901E-3,8.000000380E-3,
,,,-33.24000165E-3,16.0000008E-3,
,,,-33.22000057E-3,16.0000008E-3,
,,,-33.19999948E-3,16.0000008E-3,
,,,-33.17999840E-3,16.0000008E-3,
,,,-33.16000104E-3,16.0000008E-3,
,,,-33.13999996E-3,16.0000008E-3,
,,,-33.11999887E-3,8.000000380E-3,
,,,-33.10000151E-3,8.000000380E-3,
,,,-33.08000043E-3,8.000000380E-3,
,,,-33.05999935E-3,16.0000008E-3,
,,,-33.04000199E-3,8.000000380E-3,
,,,-33.02000090E-3,8.000000380E-3,
,,,-32.99999982E-3,16.0000008E-3,
,,,-32.97999874E-3,8.000000380E-3,
,,,-32.96000138E-3,16.0000008E-3,
,,,-32.94000030E-3,8.000000380E-3,
,,,-32.91999921E-3,8.000000380E-3,
,,,-32.90000185E-3,8.000000380E-3,
,,,-32.88000077E-3,8.000000380E-3,
,,,-32.85999969E-3,16.0000008E-3,
,,,-32.83999860E-3,16.0000008E-3,
,,,-32.82000124E-3,8.000000380E-3,
,,,-32.80000016E-3,8.000000380E-3,
,,,-32.77999908E-3,8.000000380E-3,
,,,-32.76000172E-3,8.000000380E-3,
,,,-32.74000064E-3,8.000000380E-3,
,,,-32.71999955E-3,16.0000008E-3,
,,,-32.69999847E-3,16.0000008E-3,
,,,-32.68000111E-3,16.0000008E-3,
,,,-32.66000003E-3,16.0000008E-3,
,,,-32.63999894E-3,8.000000380E-3,
,,,-32.62000158E-3,8.000000380E-3,
,,,-32.60000050E-3,16.0000008E-3,
,,,-32.57999942E-3,16.0000008E-3,
,,,-32.56000206E-3,8.000000380E-3,
,,,-32.54000098E-3,8.000000380E-3,
,,,-32.51999989E-3,8.000000380E-3,
,,,-32.49999881E-3,16.0000008E-3,
,,,-32.48000145E-3,16.0000008E-3,
,,,-32.46000037E-3,8.000000380E-3,
,,,-32.43999928E-3,16.0000008E-3,
,,,-32.42000192E-3,16.0000008E-3,
,,,-32.40000084E-3,16.0000008E-3,
,,,-32.37999976E-3,16.0000008E-3,
,,,-32.35999867E-3,8.000000380E-3,
,,,-32.34000131E-3,16.0000008E-3,
,,,-32.32000023E-3,16.0000008E-3,
,,,-32.29999915E-3,16.0000008E-3,
,,,-32.28000179E-3,16.0000008E-3,
,,,-32.26000071E-3,16.0000008E-3,
,,,-32.23999962E-3,16.0000008E-3,
,,,-32.21999854E-3,16.0000008E-3,
,,,-32.20000118E-3,8.000000380E-3,
,,,-32.18000010E-3,16.0000008E-3,
,,,-32.15999901E-3,16.0000008E-3,
,,,-32.14000165E-3,8.000000380E-3,
,,,-32.12000057E-3,16.0000008E-3,
,,,-32.09999949E-3,8.000000380E-3,
,,,-32.07999840E-3,16.0000008E-3,
,,,-32.06000105E-3,16.0000008E-3,
,,,-32.03999996E-3,8.000000380E-3,
,,,-32.01999888E-3,16.0000008E-3,
,,,-32.00000152E-3,8.000000380E-3,
,,,-31.98000044E-3,16.0000008E-3,
,,,-31.95999935E-3,16.0000008E-3,
,,,-31.94000199E-3,16.0000008E-3,
,,,-31.92000091E-3,8.000000380E-3,
,,,-31.89999983E-3,8.000000380E-3,
,,,-31.87999874E-3,16.0000008E-3,
,,,-31.86000139E-3,16.0000008E-3,
,,,-31.84000030E-3,16.0000008E-3,
,,,-31.81999922E-3,16.0000008E-3,
,,,-31.80000186E-3,8.000000380E-3,
,,,-31.78000078E-3,8.000000380E-3,
,,,-31.75999969E-3,8.000000380E-3,
,,,-31.73999861E-3,16.0000008E-3,
,,,-31.72000125E-3,16.0000008E-3,
,,,-31.70000017E-3,8.000000380E-3,
,,,-31.67999908E-3,16.0000008E-3,
,,,-31.66000172E-3,16.0000008E-3,
,,,-31.64000064E-3,16.0000008E-3,
,,,-31.61999956E-3,8.000000380E-3,
,,,-31.59999847E-3,16.0000008E-3,
,,,-31.58000112E-3,16.0000008E-3,
,,,-31.56000003E-3,16.0000008E-3,
,,,-31.53999895E-3,16.0000008E-3,
,,,-31.52000159E-3,16.0000008E-3,
,,,-31.50000051E-3,16.0000008E-3,
,,,-31.47999942E-3,16.0000008E-3,
,,,-31.46000206E-3,16.0000008E-3,
,,,-31.44000098E-3,8.000000380E-3,
,,,-31.41999990E-3,16.0000008E-3,
,,,-31.39999881E-3,8.000000380E-3,
,,,-31.38000146E-3,16.0000008E-3,
,,,-31.36000037E-3,16.0000008E-3,
,,,-31.33999929E-3,8.000000380E-3,
,,,-31.32000193E-3,8.000000380E-3,
,,,-31.30000085E-3,16.0000008E-3,
,,,-31.27999976E-3,8.000000380E-3,
,,,-31.25999868E-3,16.0000008E-3,
,,,-31.23999946E-3,8.000000380E-3,
,,,-31.22000024E-3,16.0000008E-3,
,,,-31.20000102E-3,16.0000008E-3,
,,,-31.17999993E-3,8.000000380E-3,
,,,-31.16000071E-3,16.0000008E-3,
,,,-31.13999963E-3,8.000000380E-3,
,,,-31.12000041E-3,16.0000008E-3,
,,,-31.09999932E-3,8.000000380E-3,
,,,-31.08000010E-3,16.0000008E-3,
,,,-31.06000088E-3,8.000000380E-3,
,,,-31.03999980E-3,8.000000380E-3,
,,,-31.02000058E-3,8.000000380E-3,
,,,-30.99999949E-3,16.0000008E-3,
,,,-30.98000027E-3,16.0000008E-3,
,,,-30.96000105E-3,8.000000380E-3,
,,,-30.93999997E-3,16.0000008E-3,
,,,-30.92000075E-3,16.0000008E-3,
,,,-30.89999966E-3,16.0000008E-3,
,,,-30.88000044E-3,16.0000008E-3,
,,,-30.85999936E-3,16.0000008E-3,
,,,-30.84000014E-3,8.000000380E-3,
,,,-30.82000092E-3,8.000000380E-3,
,,,-30.79999983E-3,8.000000380E-3,
,,,-30.78000061E-3,8.000000380E-3,
,,,-30.75999953E-3,16.0000008E-3,
,,,-30.74000031E-3,16.0000008E-3,
,,,-30.72000109E-3,16.0000008E-3,
,,,-30.70000000E-3,16.0000008E-3,
,,,-30.68000078E-3,16.0000008E-3,
,,,-30.65999970E-3,16.0000008E-3,
,,,-30.64000048E-3,16.0000008E-3,
,,,-30.61999939E-3,16.0000008E-3,
,,,-30.60000017E-3,8.000000380E-3,
,,,-30.58000095E-3,8.000000380E-3,
,,,-30.55999987E-3,16.0000008E-3,
,,,-30.54000065E-3,8.000000380E-3,
,,,-30.51999956E-3,16.0000008E-3,
,,,-30.50000034E-3,16.0000008E-3,
,,,-30.48000112E-3,8.000000380E-3,
,,,-30.46000004E-3,16.0000008E-3,
,,,-30.44000082E-3,16.0000008E-3,
,,,-30.41999973E-3,16.0000008E-3,
,,,-30.40000051E-3,16.0000008E-3,
,,,-30.37999943E-3,16.0000008E-3,
,,,-30.36000021E-3,16.0000008E-3,
,,,-30.34000099E-3,16.0000008E-3,
,,,-30.31999990E-3,8.000000380E-3,
,,,-30.30000068E-3,16.0000008E-3,
,,,-30.27999960E-3,16.0000008E-3,
,,,-30.26000038E-3,16.0000008E-3,
,,,-30.24000116E-3,16.0000008E-3,
,,,-30.22000007E-3,16.0000008E-3,
,,,-30.20000085E-3,16.0000008E-3,
,,,-30.17999977E-3,16.0000008E-3,
,,,-30.16000055E-3,16.0000008E-3,
,,,-30.13999946E-3,16.0000008E-3,
,,,-30.12000024E-3,16.0000008E-3,
,,,-30.10000102E-3,16.0000008E-3,
,,,-30.07999994E-3,16.0000008E-3,
,,,-30.06000072E-3,16.0000008E-3,
,,,-30.03999963E-3,16.0000008E-3,
,,,-30.02000041E-3,16.0000008E-3,
,,,-30.00000119E-3,16.0000008E-3,
,,,-29.98000011E-3,8.000000380E-3,
,,,-29.96000089E-3,16.0000008E-3,
,,,-29.93999980E-3,8.000000380E-3,
,,,-29.92000058E-3,8.000000380E-3,
,,,-29.89999950E-3,8.000000380E-3,
,,,-29.88000028E-3,8.000000380E-3,
,,,-29.86000106E-3,16.0000008E-3,
,,,-29.83999997E-3,8.000000380E-3,
,,,-29.82000075E-3,16.0000008E-3,
,,,-29.79999967E-3,16.0000008E-3,
,,,-29.78000045E-3,16.0000008E-3,
,,,-29.75999936E-3,16.0000008E-3,
,,,-29.74000014E-3,16.0000008E-3,
,,,-29.72000092E-3,8.000000380E-3,
,,,-29.69999984E-3,16.0000008E-3,
,,,-29.68000062E-3,16.0000008E-3,
,,,-29.65999953E-3,16.0000008E-3,
,,,-29.64000031E-3,8.000000380E-3,
,,,-29.62000109E-3,16.0000008E-3,
,,,-29.60000001E-3,16.0000008E-3,
,,,-29.58000079E-3,8.000000380E-3,
,,,-29.55999970E-3,16.0000008E-3,
,,,-29.54000048E-3,16.0000008E-3,
,,,-29.51999940E-3,16.0000008E-3,
,,,-29.50000018E-3,16.0000008E-3,
,,,-29.48000096E-3,8.000000380E-3,
,,,-29.45999987E-3,16.0000008E-3,
,,,-29.44000065E-3,16.0000008E-3,
,,,-29.41999957E-3,16.0000008E-3,
,,,-29.40000035E-3,8.000000380E-3,
,,,-29.38000113E-3,16.0000008E-3,
,,,-29.36000004E-3,16.0000008E-3,
,,,-29.34000082E-3,8.000000380E-3,
,,,-29.31999974E-3,16.0000008E-3,
,,,-29.30000052E-3,16.0000008E-3,
,,,-29.27999943E-3,16.0000008E-3,
,,,-29.26000021E-3,16.0000008E-3,
,,,-29.24000099E-3,8.000000380E-3,
,,,-29.21999991E-3,16.0000008E-3,
,,,-29.20000069E-3,8.000000380E-3,
,,,-29.17999960E-3,16.0000008E-3,
,,,-29.16000038E-3,16.0000008E-3,
,,,-29.14000116E-3,16.0000008E-3,
,,,-29.12000008E-3,16.0000008E-3,
,,,-29.10000086E-3,16.0000008E-3,
,,,-29.07999977E-3,16.0000008E-3,
,,,-29.06000055E-3,8.000000380E-3,
,,,-29.03999947E-3,8.000000380E-3,
,,,-29.02000025E-3,16.0000008E-3,
,,,-29.00000103E-3,16.0000008E-3,
,,,-28.97999994E-3,16.0000008E-3,
,,,-28.96000072E-3,16.0000008E-3,
,,,-28.93999964E-3,16.0000008E-3,
,,,-28.92000042E-3,16.0000008E-3,
,,,-28.90000120E-3,16.0000008E-3,
,,,-28.88000011E-3,16.0000008E-3,
,,,-28.86000089E-3,16.0000008E-3,
,,,-28.83999981E-3,16.0000008E-3,
,,,-28.82000059E-3,16.0000008E-3,
,,,-28.79999951E-3,16.0000008E-3,
,,,-28.78000028E-3,8.000000380E-3,
,,,-28.76000106E-3,16.0000008E-3,
,,,-28.73999998E-3,16.0000008E-3,
,,,-28.72000076E-3,8.000000380E-3,
,,,-28.69999968E-3,16.0000008E-3,
,,,-28.68000045E-3,8.000000380E-3,
,,,-28.66000123E-3,16.0000008E-3,
,,,-28.64000015E-3,16.0000008E-3,
,,,-28.62000093E-3,16.0000008E-3,
,,,-28.59999985E-3,8.000000380E-3,
,,,-28.58000062E-3,16.0000008E-3,
,,,-28.55999954E-3,16.0000008E-3,
,,,-28.54000032E-3,16.0000008E-3,
,,,-28.52000110E-3,16.0000008E-3,
,,,-28.50000001E-3,16.0000008E-3,
,,,-28.48000079E-3,16.0000008E-3,
,,,-28.45999971E-3,16.0000008E-3,
,,,-28.44000049E-3,8.000000380E-3,
,,,-28.41999941E-3,16.0000008E-3,
,,,-28.40000018E-3,16.0000008E-3,
,,,-28.38000096E-3,16.0000008E-3,
,,,-28.35999988E-3,16.0000008E-3,
,,,-28.34000066E-3,16.0000008E-3,
,,,-28.31999958E-3,16.0000008E-3,
,,,-28.30000035E-3,16.0000008E-3,
,,,-28.28000113E-3,16.0000008E-3,
,,,-28.26000005E-3,8.000000380E-3,
,,,-28.24000083E-3,16.0000008E-3,
,,,-28.21999975E-3,16.0000008E-3,
,,,-28.20000052E-3,16.0000008E-3,
,,,-28.17999944E-3,16.0000008E-3,
,,,-28.16000022E-3,16.0000008E-3,
,,,-28.14000100E-3,16.0000008E-3,
,,,-28.11999992E-3,16.0000008E-3,
,,,-28.10000069E-3,16.0000008E-3,
,,,-28.07999961E-3,8.000000380E-3,
,,,-28.06000039E-3,16.0000008E-3,
,,,-28.04000117E-3,16.0000008E-3,
,,,-28.02000009E-3,16.0000008E-3,
,,,-28.00000086E-3,16.0000008E-3,
,,,-27.97999978E-3,16.0000008E-3,
,,,-27.96000056E-3,16.0000008E-3,
,,,-27.93999948E-3,16.0000008E-3,
,,,-27.92000026E-3,16.0000008E-3,
,,,-27.90000103E-3,16.0000008E-3,
,,,-27.87999995E-3,16.0000008E-3,
,,,-27.86000073E-3,16.0000008E-3,
,,,-27.83999965E-3,16.0000008E-3,
,,,-27.82000042E-3,16.0000008E-3,
,,,-27.80000120E-3,8.000000380E-3,
,,,-27.78000012E-3,16.0000008E-3,
,,,-27.76000090E-3,16.0000008E-3,
,,,-27.73999982E-3,16.0000008E-3,
,,,-27.72000059E-3,16.0000008E-3,
,,,-27.69999951E-3,16.0000008E-3,
,,,-27.68000029E-3,16.0000008E-3,
,,,-27.66000107E-3,16.0000008E-3,
,,,-27.63999999E-3,8.000000380E-3,
,,,-27.62000076E-3,16.0000008E-3,
,,,-27.59999968E-3,16.0000008E-3,
,,,-27.58000046E-3,8.000000380E-3,
,,,-27.56000124E-3,8.000000380E-3,
,,,-27.54000016E-3,8.000000380E-3,
,,,-27.52000093E-3,16.0000008E-3,
,,,-27.49999985E-3,16.0000008E-3,
,,,-27.48000063E-3,16.0000008E-3,
,,,-27.45999955E-3,16.0000008E-3,
,,,-27.44000033E-3,16.0000008E-3,
,,,-27.42000110E-3,8.000000380E-3,
,,,-27.40000002E-3,16.0000008E-3,
,,,-27.38000080E-3,16.0000008E-3,
,,,-27.35999972E-3,16.0000008E-3,
,,,-27.34000050E-3,16.0000008E-3,
,,,-27.32000127E-3,16.0000008E-3,
,,,-27.30000019E-3,16.0000008E-3,
,,,-27.28000097E-3,16.0000008E-3,
,,,-27.25999989E-3,16.0000008E-3,
,,,-27.24000067E-3,16.0000008E-3,
,,,-27.21999958E-3,16.0000008E-3,
,,,-27.20000036E-3,16.0000008E-3,
,,,-27.18000114E-3,16.0000008E-3,
,,,-27.16000006E-3,16.0000008E-3,
,,,-27.14000084E-3,16.0000008E-3,
,,,-27.11999975E-3,16.0000008E-3,
,,,-27.10000053E-3,16.0000008E-3,
,,,-27.07999945E-3,16.0000008E-3,
,,,-27.06000023E-3,16.0000008E-3,
,,,-27.04000100E-3,24.00000021E-3,
,,,-27.01999992E-3,136.0000074E-3,
,,,-27.00000070E-3,232.00000823E-3,
,,,-26.97999962E-3,96.000000834E-3,
,,,-26.96000040E-3,48.00000042E-3,
,,,-26.94000117E-3,24.00000021E-3,
,,,-26.92000009E-3,16.0000008E-3,
,,,-26.90000087E-3,16.0000008E-3,
,,,-26.87999979E-3,16.0000008E-3,
,,,-26.86000057E-3,16.0000008E-3,
,,,-26.83999948E-3,16.0000008E-3,
,,,-26.82000026E-3,8.000000380E-3,
,,,-26.80000104E-3,16.0000008E-3,
,,,-26.77999996E-3,8.000000380E-3,
,,,-26.76000074E-3,16.0000008E-3,
,,,-26.73999965E-3,16.0000008E-3,
,,,-26.72000043E-3,16.0000008E-3,
,,,-26.70000121E-3,8.000000380E-3,
,,,-26.68000013E-3,16.0000008E-3,
,,,-26.66000091E-3,16.0000008E-3,
,,,-26.63999982E-3,16.0000008E-3,
,,,-26.62000060E-3,8.000000380E-3,
,,,-26.59999952E-3,8.000000380E-3,
,,,-26.58000030E-3,16.0000008E-3,
,,,-26.56000108E-3,16.0000008E-3,
,,,-26.53999999E-3,16.0000008E-3,
,,,-26.52000077E-3,16.0000008E-3,
,,,-26.49999969E-3,16.0000008E-3,
,,,-26.48000047E-3,16.0000008E-3,
,,,-26.46000125E-3,16.0000008E-3,
,,,-26.44000016E-3,16.0000008E-3,
,,,-26.42000094E-3,16.0000008E-3,
,,,-26.39999986E-3,16.0000008E-3,
,,,-26.38000064E-3,16.0000008E-3,
,,,-26.35999955E-3,16.0000008E-3,
,,,-26.34000033E-3,16.0000008E-3,
,,,-26.32000111E-3,32.00000152E-3,
,,,-26.30000003E-3,208.00000429E-3,
,,,-26.28000081E-3,344.00001168E-3,
,,,-26.25999972E-3,136.0000074E-3,
,,,-26.24000050E-3,56.000001729E-3,
,,,-26.22000128E-3,32.00000152E-3,
,,,-26.20000020E-3,24.00000021E-3,
,,,-26.18000098E-3,24.00000021E-3,
,,,-26.15999989E-3,16.0000008E-3,
,,,-26.14000067E-3,16.0000008E-3,
,,,-26.11999959E-3,16.0000008E-3,
,,,-26.10000037E-3,16.0000008E-3,
,,,-26.08000115E-3,8.000000380E-3,
,,,-26.06000006E-3,16.0000008E-3,
,,,-26.04000084E-3,16.0000008E-3,
,,,-26.01999976E-3,16.0000008E-3,
,,,-26.00000054E-3,16.0000008E-3,
,,,-25.97999945E-3,16.0000008E-3,
,,,-25.96000023E-3,16.0000008E-3,
,,,-25.94000101E-3,16.0000008E-3,
,,,-25.91999993E-3,16.0000008E-3,
,,,-25.90000071E-3,16.0000008E-3,
,,,-25.87999962E-3,16.0000008E-3,
,,,-25.86000040E-3,16.0000008E-3,
,,,-25.84000118E-3,8.000000380E-3,
,,,-25.82000010E-3,16.0000008E-3,
,,,-25.80000088E-3,16.0000008E-3,
,,,-25.77999979E-3,16.0000008E-3,
,,,-25.76000057E-3,16.0000008E-3,
,,,-25.73999949E-3,8.000000380E-3,
,,,-25.72000027E-3,8.000000380E-3,
,,,-25.70000105E-3,8.000000380E-3,
,,,-25.67999996E-3,16.0000008E-3,
,,,-25.66000074E-3,16.0000008E-3,
,,,-25.63999966E-3,16.0000008E-3,
,,,-25.62000044E-3,16.0000008E-3,
,,,-25.60000122E-3,16.0000008E-3,
,,,-25.58000013E-3,16.0000008E-3,
,,,-25.56000091E-3,16.0000008E-3,
,,,-25.53999983E-3,8.000000380E-3,
,,,-25.52000061E-3,16.0000008E-3,
,,,-25.49999952E-3,8.000000380E-3,
,,,-25.48000030E-3,16.0000008E-3,
,,,-25.46000108E-3,16.0000008E-3,
,,,-25.44000000E-3,16.0000008E-3,
,,,-25.42000078E-3,16.0000008E-3,
,,,-25.39999969E-3,16.0000008E-3,
,,,-25.38000047E-3,16.0000008E-3,
,,,-25.36000125E-3,8.000000380E-3,
,,,-25.34000017E-3,16.0000008E-3,
,,,-25.32000095E-3,16.0000008E-3,
,,,-25.29999986E-3,16.0000008E-3,
,,,-25.28000064E-3,16.0000008E-3,
,,,-25.25999956E-3,16.0000008E-3,
,,,-25.24000034E-3,16.0000008E-3,
,,,-25.22000112E-3,16.0000008E-3,
,,,-25.20000003E-3,8.000000380E-3,
,,,-25.18000081E-3,16.0000008E-3,
,,,-25.15999973E-3,16.0000008E-3,
,,,-25.14000051E-3,16.0000008E-3,
,,,-25.12000129E-3,8.000000380E-3,
,,,-25.10000020E-3,8.000000380E-3,
,,,-25.08000098E-3,8.000000380E-3,
,,,-25.05999990E-3,16.0000008E-3,
,,,-25.04000068E-3,16.0000008E-3,
,,,-25.01999959E-3,16.0000008E-3,
,,,-25.00000037E-3,16.0000008E-3,
,,,-24.98000115E-3,16.0000008E-3,
,,,-24.96000007E-3,16.0000008E-3,
,,,-24.94000085E-3,8.000000380E-3,
,,,-24.91999976E-3,16.0000008E-3,
,,,-24.90000054E-3,16.0000008E-3,
,,,-24.88000132E-3,16.0000008E-3,
,,,-24.86000024E-3,16.0000008E-3,
,,,-24.84000102E-3,16.0000008E-3,
,,,-24.81999993E-3,8.000000380E-3,
,,,-24.80000071E-3,8.000000380E-3,
,,,-24.77999963E-3,16.0000008E-3,
,,,-24.76000041E-3,16.0000008E-3,
,,,-24.74000119E-3,16.0000008E-3,
,,,-24.72000010E-3,16.0000008E-3,
,,,-24.70000088E-3,16.0000008E-3,
,,,-24.67999980E-3,16.0000008E-3,
,,,-24.66000058E-3,16.0000008E-3,
,,,-24.63999949E-3,16.0000008E-3,
,,,-24.62000027E-3,16.0000008E-3,
,,,-24.60000105E-3,16.0000008E-3,
,,,-24.57999997E-3,16.0000008E-3,
,,,-24.56000075E-3,16.0000008E-3,
,,,-24.53999966E-3,16.0000008E-3,
,,,-24.52000044E-3,16.0000008E-3,
,,,-24.50000122E-3,16.0000008E-3,
,,,-24.48000014E-3,8.000000380E-3,
,,,-24.46000092E-3,16.0000008E-3,
,,,-24.43999983E-3,16.0000008E-3,
,,,-24.42000061E-3,16.0000008E-3,
,,,-24.39999953E-3,16.0000008E-3,
,,,-24.38000031E-3,16.0000008E-3,
,,,-24.36000109E-3,16.0000008E-3,
,,,-24.34000000E-3,16.0000008E-3,
,,,-24.32000078E-3,16.0000008E-3,
,,,-24.29999970E-3,16.0000008E-3,
,,,-24.28000048E-3,16.0000008E-3,
,,,-24.26000126E-3,16.0000008E-3,
,,,-24.24000017E-3,16.0000008E-3,
,,,-24.22000095E-3,16.0000008E-3,
,,,-24.19999987E-3,16.0000008E-3,
,,,-24.18000065E-3,16.0000008E-3,
,,,-24.15999956E-3,16.0000008E-3,
,,,-24.14000034E-3,16.0000008E-3,
,,,-24.12000112E-3,16.0000008E-3,
,,,-24.10000004E-3,16.0000008E-3,
,,,-24.08000082E-3,8.000000380E-3,
,,,-24.05999973E-3,16.0000008E-3,
,,,-24.04000051E-3,16.0000008E-3,
,,,-24.02000129E-3,16.0000008E-3,
,,,-24.00000021E-3,8.000000380E-3,
,,,-23.98000099E-3,16.0000008E-3,
,,,-23.95999990E-3,16.0000008E-3,
,,,-23.94000068E-3,16.0000008E-3,
,,,-23.91999960E-3,16.0000008E-3,
,,,-23.90000038E-3,16.0000008E-3,
,,,-23.88000116E-3,16.0000008E-3,
,,,-23.86000007E-3,8.000000380E-3,
,,,-23.84000085E-3,16.0000008E-3,
,,,-23.81999977E-3,8.000000380E-3,
,,,-23.80000055E-3,16.0000008E-3,
,,,-23.78000133E-3,16.0000008E-3,
,,,-23.76000024E-3,16.0000008E-3,
,,,-23.74000102E-3,8.000000380E-3,
,,,-23.71999994E-3,16.0000008E-3,
,,,-23.70000072E-3,16.0000008E-3,
,,,-23.67999963E-3,8.000000380E-3,
,,,-23.66000041E-3,16.0000008E-3,
,,,-23.64000119E-3,16.0000008E-3,
,,,-23.62000011E-3,16.0000008E-3,
,,,-23.60000089E-3,16.0000008E-3,
,,,-23.57999980E-3,8.000000380E-3,
,,,-23.56000058E-3,16.0000008E-3,
,,,-23.54000136E-3,16.0000008E-3,
,,,-23.52000028E-3,16.0000008E-3,
,,,-23.50000106E-3,16.0000008E-3,
,,,-23.47999997E-3,16.0000008E-3,
,,,-23.46000075E-3,16.0000008E-3,
,,,-23.43999967E-3,16.0000008E-3,
,,,-23.42000045E-3,16.0000008E-3,
,,,-23.40000123E-3,16.0000008E-3,
,,,-23.38000014E-3,8.000000380E-3,
,,,-23.36000092E-3,16.0000008E-3,
,,,-23.33999984E-3,16.0000008E-3,
,,,-23.32000062E-3,16.0000008E-3,
,,,-23.29999954E-3,16.0000008E-3,
,,,-23.28000031E-3,16.0000008E-3,
,,,-23.26000109E-3,16.0000008E-3,
,,,-23.24000001E-3,16.0000008E-3,
,,,-23.22000079E-3,8.000000380E-3,
,,,-23.19999970E-3,8.000000380E-3,
,,,-23.18000048E-3,16.0000008E-3,
,,,-23.16000126E-3,8.000000380E-3,
,,,-23.14000018E-3,16.0000008E-3,
,,,-23.12000096E-3,8.000000380E-3,
,,,-23.09999987E-3,16.0000008E-3,
,,,-23.08000065E-3,16.0000008E-3,
,,,-23.05999957E-3,8.000000380E-3,
,,,-23.04000035E-3,8.000000380E-3,
,,,-23.02000113E-3,16.0000008E-3,
,,,-23.00000004E-3,16.0000008E-3,
,,,-22.98000082E-3,8.000000380E-3,
,,,-22.95999974E-3,8.000000380E-3,
,,,-22.94000052E-3,16.0000008E-3,
,,,-22.92000130E-3,16.0000008E-3,
,,,-22.90000021E-3,16.0000008E-3,
,,,-22.88000099E-3,16.0000008E-3,
,,,-22.85999991E-3,16.0000008E-3,
,,,-22.84000069E-3,16.0000008E-3,
,,,-22.81999961E-3,16.0000008E-3,
,,,-22.80000038E-3,8.000000380E-3,
,,,-22.78000116E-3,16.0000008E-3,
,,,-22.76000008E-3,8.000000380E-3,
,,,-22.74000086E-3,8.000000380E-3,
,,,-22.71999978E-3,16.0000008E-3,
,,,-22.70000055E-3,16.0000008E-3,
,,,-22.68000133E-3,16.0000008E-3,
,,,-22.66000025E-3,16.0000008E-3,
,,,-22.64000103E-3,16.0000008E-3,
,,,-22.61999995E-3,16.0000008E-3,
,,,-22.60000072E-3,16.0000008E-3,
,,,-22.57999964E-3,16.0000008E-3,
,,,-22.56000042E-3,8.000000380E-3,
,,,-22.54000120E-3,16.0000008E-3,
,,,-22.52000012E-3,8.000000380E-3,
,,,-22.50000089E-3,16.0000008E-3,
,,,-22.47999981E-3,16.0000008E-3,
,,,-22.46000059E-3,16.0000008E-3,
,,,-22.44000137E-3,16.0000008E-3,
,,,-22.42000028E-3,16.0000008E-3,
,,,-22.40000106E-3,16.0000008E-3,
,,,-22.37999998E-3,8.000000380E-3,
,,,-22.36000076E-3,16.0000008E-3,
,,,-22.33999968E-3,16.0000008E-3,
,,,-22.32000045E-3,16.0000008E-3,
,,,-22.30000123E-3,16.0000008E-3,
,,,-22.28000015E-3,16.0000008E-3,
,,,-22.26000093E-3,16.0000008E-3,
,,,-22.23999985E-3,16.0000008E-3,
,,,-22.22000062E-3,8.000000380E-3,
,,,-22.19999954E-3,16.0000008E-3,
,,,-22.18000032E-3,16.0000008E-3,
,,,-22.16000110E-3,16.0000008E-3,
,,,-22.14000002E-3,16.0000008E-3,
,,,-22.12000079E-3,16.0000008E-3,
,,,-22.09999971E-3,16.0000008E-3,
,,,-22.08000049E-3,8.000000380E-3,
,,,-22.06000127E-3,16.0000008E-3,
,,,-22.04000019E-3,8.000000380E-3,
,,,-22.02000096E-3,16.0000008E-3,
,,,-21.99999988E-3,16.0000008E-3,
,,,-21.98000066E-3,16.0000008E-3,
,,,-21.95999958E-3,16.0000008E-3,
,,,-21.94000036E-3,8.000000380E-3,
,,,-21.92000113E-3,16.0000008E-3,
,,,-21.90000005E-3,16.0000008E-3,
,,,-21.88000083E-3,8.000000380E-3,
,,,-21.85999975E-3,16.0000008E-3,
,,,-21.84000053E-3,8.000000380E-3,
,,,-21.82000130E-3,16.0000008E-3,
,,,-21.80000022E-3,8.000000380E-3,
,,,-21.78000100E-3,16.0000008E-3,
,,,-21.75999992E-3,8.000000380E-3,
,,,-21.74000069E-3,16.0000008E-3,
,,,-21.71999961E-3,8.000000380E-3,
,,,-21.70000039E-3,8.000000380E-3,
,,,-21.68000117E-3,8.000000380E-3,
,,,-21.66000009E-3,16.0000008E-3,
,,,-21.64000086E-3,16.0000008E-3,
,,,-21.61999978E-3,8.000000380E-3,
,,,-21.60000056E-3,16.0000008E-3,
,,,-21.58000134E-3,8.000000380E-3,
,,,-21.56000026E-3,8.000000380E-3,
,,,-21.54000103E-3,16.0000008E-3,
,,,-21.51999995E-3,16.0000008E-3,
,,,-21.50000073E-3,16.0000008E-3,
,,,-21.47999965E-3,8.000000380E-3,
,,,-21.46000043E-3,8.000000380E-3,
,,,-21.44000120E-3,16.0000008E-3,
,,,-21.42000012E-3,8.000000380E-3,
,,,-21.40000090E-3,8.000000380E-3,
,,,-21.37999982E-3,8.000000380E-3,
,,,-21.36000060E-3,8.000000380E-3,
,,,-21.34000137E-3,16.0000008E-3,
,,,-21.32000029E-3,16.0000008E-3,
,,,-21.30000107E-3,8.000000380E-3,
,,,-21.27999999E-3,8.000000380E-3,
,,,-21.26000077E-3,8.000000380E-3,
,,,-21.23999968E-3,8.000000380E-3,
,,,-21.22000046E-3,16.0000008E-3,
,,,-21.20000124E-3,8.000000380E-3,
,,,-21.18000016E-3,16.0000008E-3,
,,,-21.16000094E-3,8.000000380E-3,
,,,-21.13999985E-3,16.0000008E-3,
,,,-21.12000063E-3,8.000000380E-3,
,,,-21.10000141E-3,8.000000380E-3,
,,,-21.08000033E-3,8.000000380E-3,
,,,-21.06000111E-3,8.000000380E-3,
,,,-21.04000002E-3,8.000000380E-3,
,,,-21.02000080E-3,16.0000008E-3,
,,,-20.99999972E-3,16.0000008E-3,
,,,-20.98000050E-3,16.0000008E-3,
,,,-20.96000127E-3,8.000000380E-3,
,,,-20.94000019E-3,8.000000380E-3,
,,,-20.92000097E-3,16.0000008E-3,
,,,-20.89999989E-3,16.0000008E-3,
,,,-20.88000067E-3,16.0000008E-3,
,,,-20.85999958E-3,16.0000008E-3,
,,,-20.84000036E-3,8.000000380E-3,
,,,-20.82000114E-3,16.0000008E-3,
,,,-20.80000006E-3,16.0000008E-3,
,,,-20.78000084E-3,16.0000008E-3,
,,,-20.75999975E-3,16.0000008E-3,
,,,-20.74000053E-3,16.0000008E-3,
,,,-20.72000131E-3,16.0000008E-3,
,,,-20.70000023E-3,8.000000380E-3,
,,,-20.68000101E-3,8.000000380E-3,
,,,-20.65999992E-3,8.000000380E-3,
,,,-20.64000070E-3,16.0000008E-3,
,,,-20.61999962E-3,8.000000380E-3,
,,,-20.60000040E-3,8.000000380E-3,
,,,-20.58000118E-3,8.000000380E-3,
,,,-20.56000009E-3,16.0000008E-3,
,,,-20.54000087E-3,16.0000008E-3,
,,,-20.51999979E-3,16.0000008E-3,
,,,-20.50000057E-3,8.000000380E-3,
,,,-20.48000135E-3,16.0000008E-3,
,,,-20.46000026E-3,8.000000380E-3,
,,,-20.44000104E-3,16.0000008E-3,
,,,-20.41999996E-3,16.0000008E-3,
,,,-20.40000074E-3,16.0000008E-3,
,,,-20.37999965E-3,8.000000380E-3,
,,,-20.36000043E-3,8.000000380E-3,
,,,-20.34000121E-3,16.0000008E-3,
,,,-20.32000013E-3,8.000000380E-3,
,,,-20.30000091E-3,16.0000008E-3,
,,,-20.27999982E-3,16.0000008E-3,
,,,-20.26000060E-3,16.0000008E-3,
,,,-20.24000138E-3,16.0000008E-3,
,,,-20.22000030E-3,16.0000008E-3,
,,,-20.20000108E-3,8.000000380E-3,
,,,-20.17999999E-3,16.0000008E-3,
,,,-20.16000077E-3,8.000000380E-3,
,,,-20.13999969E-3,16.0000008E-3,
,,,-20.12000047E-3,8.000000380E-3,
,,,-20.10000125E-3,16.0000008E-3,
,,,-20.0800002E-3,16.0000008E-3,
,,,-20.0600009E-3,8.000000380E-3,
,,,-20.0399999E-3,8.000000380E-3,
,,,-20.0200006E-3,8.000000380E-3,
,,,-20.0000014E-3,8.000000380E-3,
,,,-19.9800003E-3,16.0000008E-3,
,,,-19.9600011E-3,16.0000008E-3,
,,,-19.9400000E-3,8.000000380E-3,
,,,-19.9200008E-3,8.000000380E-3,
,,,-19.8999997E-3,8.000000380E-3,
,,,-19.8800005E-3,8.000000380E-3,
,,,-19.8600013E-3,16.0000008E-3,
,,,-19.8400002E-3,16.0000008E-3,
,,,-19.8200010E-3,8.000000380E-3,
,,,-19.7999999E-3,8.000000380E-3,
,,,-19.7800007E-3,8.000000380E-3,
,,,-19.7600015E-3,16.0000008E-3,
,,,-19.7400004E-3,8.000000380E-3,
,,,-19.7200011E-3,16.0000008E-3,
,,,-19.7000001E-3,8.000000380E-3,
,,,-19.6800008E-3,8.000000380E-3,
,,,-19.6599998E-3,16.0000008E-3,
,,,-19.6400005E-3,8.000000380E-3,
,,,-19.6200013E-3,8.000000380E-3,
,,,-19.6000002E-3,16.0000008E-3,
,,,-19.5800010E-3,16.0000008E-3,
,,,-19.5599999E-3,8.000000380E-3,
,,,-19.5400007E-3,8.000000380E-3,
,,,-19.5199996E-3,8.000000380E-3,
,,,-19.5000004E-3,16.0000008E-3,
,,,-19.4800012E-3,16.0000008E-3,
,,,-19.4600001E-3,16.0000008E-3,
,,,-19.4400009E-3,8.000000380E-3,
,,,-19.4199998E-3,16.0000008E-3,
,,,-19.4000006E-3,16.0000008E-3,
,,,-19.3800014E-3,16.0000008E-3,
,,,-19.3600003E-3,8.000000380E-3,
,,,-19.3400010E-3,16.0000008E-3,
,,,-19.3200000E-3,16.0000008E-3,
,,,-19.3000007E-3,16.0000008E-3,
,,,-19.2799997E-3,16.0000008E-3,
,,,-19.2600004E-3,16.0000008E-3,
,,,-19.2400012E-3,16.0000008E-3,
,,,-19.2200001E-3,8.000000380E-3,
,,,-19.2000009E-3,16.0000008E-3,
,,,-19.1799998E-3,8.000000380E-3,
,,,-19.1600006E-3,8.000000380E-3,
,,,-19.1400014E-3,8.000000380E-3,
,,,-19.1200003E-3,8.000000380E-3,
,,,-19.1000011E-3,16.0000008E-3,
,,,-19.0800000E-3,8.000000380E-3,
,,,-19.0600008E-3,16.0000008E-3,
,,,-19.0399997E-3,8.000000380E-3,
,,,-19.0200005E-3,8.000000380E-3,
,,,-19.0000013E-3,8.000000380E-3,
,,,-18.9800002E-3,16.0000008E-3,
,,,-18.9600009E-3,8.000000380E-3,
,,,-18.9399999E-3,8.000000380E-3,
,,,-18.9200006E-3,8.000000380E-3,
,,,-18.9000014E-3,16.0000008E-3,
,,,-18.8800003E-3,8.000000380E-3,
,,,-18.8600011E-3,16.0000008E-3,
,,,-18.8400000E-3,8.000000380E-3,
,,,-18.8200008E-3,16.0000008E-3,
,,,-18.7999997E-3,8.000000380E-3,
,,,-18.7800005E-3,8.000000380E-3,
,,,-18.7600013E-3,16.0000008E-3,
,,,-18.7400002E-3,8.000000380E-3,
,,,-18.7200010E-3,8.000000380E-3,
,,,-18.6999999E-3,8.000000380E-3,
,,,-18.6800007E-3,8.000000380E-3,
,,,-18.6600015E-3,16.0000008E-3,
,,,-18.6400004E-3,16.0000008E-3,
,,,-18.6200012E-3,8.000000380E-3,
,,,-18.6000001E-3,8.000000380E-3,
,,,-18.5800008E-3,8.000000380E-3,
,,,-18.5599998E-3,16.0000008E-3,
,,,-18.5400005E-3,16.0000008E-3,
,,,-18.5200013E-3,16.0000008E-3,
,,,-18.5000002E-3,16.0000008E-3,
,,,-18.4800010E-3,8.000000380E-3,
,,,-18.4599999E-3,16.0000008E-3,
,,,-18.4400007E-3,16.0000008E-3,
,,,-18.4200015E-3,16.0000008E-3,
,,,-18.4000004E-3,16.0000008E-3,
,,,-18.3800012E-3,24.00000021E-3,
,,,-18.3600001E-3,136.0000074E-3,
,,,-18.3400009E-3,208.00000429E-3,
,,,-18.3199998E-3,88.000006974E-3,
,,,-18.3000006E-3,40.00000283E-3,
,,,-18.2800014E-3,24.00000021E-3,
,,,-18.2600003E-3,16.0000008E-3,
,,,-18.2400011E-3,16.0000008E-3,
,,,-18.2200000E-3,16.0000008E-3,
,,,-18.2000007E-3,8.000000380E-3,
,,,-18.1799997E-3,16.0000008E-3,
,,,-18.1600004E-3,16.0000008E-3,
,,,-18.1400012E-3,16.0000008E-3,
,,,-18.1200001E-3,8.000000380E-3,
,,,-18.1000009E-3,16.0000008E-3,
,,,-18.0799998E-3,16.0000008E-3,
,,,-18.0600006E-3,8.000000380E-3,
,,,-18.0400014E-3,16.0000008E-3,
,,,-18.0200003E-3,16.0000008E-3,
,,,-18.0000011E-3,8.000000380E-3,
,,,-17.9800000E-3,8.000000380E-3,
,,,-17.9600008E-3,16.0000008E-3,
,,,-17.9399997E-3,16.0000008E-3,
,,,-17.9200005E-3,8.000000380E-3,
,,,-17.9000013E-3,16.0000008E-3,
,,,-17.8800002E-3,16.0000008E-3,
,,,-17.8600010E-3,8.000000380E-3,
,,,-17.8399999E-3,16.0000008E-3,
,,,-17.8200006E-3,16.0000008E-3,
,,,-17.8000014E-3,8.000000380E-3,
,,,-17.7800003E-3,16.0000008E-3,
,,,-17.7600011E-3,16.0000008E-3,
,,,-17.7400000E-3,16.0000008E-3,
,,,-17.7200008E-3,16.0000008E-3,
,,,-17.6999997E-3,24.00000021E-3,
,,,-17.6800005E-3,72.000004351E-3,
,,,-17.6600013E-3,424.000024796E-3,
,,,-17.6400002E-3,184.00001526E-3,
,,,-17.6200010E-3,72.000004351E-3,
,,,-17.5999999E-3,40.00000283E-3,
,,,-17.5800007E-3,24.00000021E-3,
,,,-17.5600015E-3,16.0000008E-3,
,,,-17.5400004E-3,16.0000008E-3,
,,,-17.5200012E-3,16.0000008E-3,
,,,-17.5000001E-3,16.0000008E-3,
,,,-17.4800009E-3,16.0000008E-3,
,,,-17.4599998E-3,16.0000008E-3,
,,,-17.4400005E-3,16.0000008E-3,
,,,-17.4200013E-3,16.0000008E-3,
,,,-17.4000002E-3,8.000000380E-3,
,,,-17.3800010E-3,16.0000008E-3,
,,,-17.3599999E-3,16.0000008E-3,
,,,-17.3400007E-3,16.0000008E-3,
,,,-17.3200015E-3,16.0000008E-3,
,,,-17.3000004E-3,16.0000008E-3,
,,,-17.2800012E-3,16.0000008E-3,
,,,-17.2600001E-3,8.000000380E-3,
,,,-17.2400009E-3,16.0000008E-3,
,,,-17.2199998E-3,16.0000008E-3,
,,,-17.2000006E-3,16.0000008E-3,
,,,-17.1800014E-3,16.0000008E-3,
,,,-17.1600003E-3,16.0000008E-3,
,,,-17.1400011E-3,8.000000380E-3,
,,,-17.1200000E-3,16.0000008E-3,
,,,-17.1000008E-3,8.000000380E-3,
,,,-17.0800015E-3,16.0000008E-3,
,,,-17.0600004E-3,8.000000380E-3,
,,,-17.0400012E-3,16.0000008E-3,
,,,-17.0200001E-3,16.0000008E-3,
,,,-17.0000009E-3,16.0000008E-3,
,,,-16.9799998E-3,16.0000008E-3,
,,,-16.9600006E-3,16.0000008E-3,
,,,-16.9400014E-3,16.0000008E-3,
,,,-16.9200003E-3,16.0000008E-3,
,,,-16.9000011E-3,16.0000008E-3,
,,,-16.8800000E-3,16.0000008E-3,
,,,-16.8600008E-3,16.0000008E-3,
,,,-16.8399997E-3,16.0000008E-3,
,,,-16.8200005E-3,8.000000380E-3,
,,,-16.8000013E-3,16.0000008E-3,
,,,-16.7800002E-3,8.000000380E-3,
,,,-16.7600010E-3,16.0000008E-3,
,,,-16.7399999E-3,8.000000380E-3,
,,,-16.7200007E-3,8.000000380E-3,
,,,-16.7000014E-3,8.000000380E-3,
,,,-16.6800003E-3,16.0000008E-3,
,,,-16.6600011E-3,8.000000380E-3,
,,,-16.6400000E-3,16.0000008E-3,
,,,-16.6200008E-3,16.0000008E-3,
,,,-16.5999997E-3,16.0000008E-3,
,,,-16.5800005E-3,8.000000380E-3,
,,,-16.5600013E-3,16.0000008E-3,
,,,-16.5400002E-3,16.0000008E-3,
,,,-16.5200010E-3,16.0000008E-3,
,,,-16.4999999E-3,16.0000008E-3,
,,,-16.4800007E-3,16.0000008E-3,
,,,-16.4600015E-3,16.0000008E-3,
,,,-16.4400004E-3,16.0000008E-3,
,,,-16.4200012E-3,8.000000380E-3,
,,,-16.4000001E-3,16.0000008E-3,
,,,-16.3800009E-3,16.0000008E-3,
,,,-16.3599998E-3,16.0000008E-3,
,,,-16.3400006E-3,16.0000008E-3,
,,,-16.3200013E-3,16.0000008E-3,
,,,-16.3000003E-3,16.0000008E-3,
,,,-16.2800010E-3,16.0000008E-3,
,,,-16.2599999E-3,16.0000008E-3,
,,,-16.2400007E-3,16.0000008E-3,
,,,-16.2200015E-3,16.0000008E-3,
,,,-16.2000004E-3,16.0000008E-3,
,,,-16.1800012E-3,16.0000008E-3,
,,,-16.1600001E-3,16.0000008E-3,
,,,-16.1400009E-3,16.0000008E-3,
,,,-16.1199998E-3,16.0000008E-3,
,,,-16.1000006E-3,8.000000380E-3,
,,,-16.0800014E-3,16.0000008E-3,
,,,-16.0600003E-3,16.0000008E-3,
,,,-16.0400011E-3,16.0000008E-3,
,,,-16.0200000E-3,16.0000008E-3,
,,,-16.0000008E-3,16.0000008E-3,
,,,-15.9800015E-3,16.0000008E-3,
,,,-15.9600005E-3,16.0000008E-3,
,,,-15.9400012E-3,8.000000380E-3,
,,,-15.9200002E-3,8.000000380E-3,
,,,-15.9000009E-3,16.0000008E-3,
,,,-15.8799998E-3,16.0000008E-3,
,,,-15.8600006E-3,8.000000380E-3,
,,,-15.8400014E-3,16.0000008E-3,
,,,-15.8200003E-3,16.0000008E-3,
,,,-15.8000011E-3,8.000000380E-3,
,,,-15.7800000E-3,16.0000008E-3,
,,,-15.7600008E-3,8.000000380E-3,
,,,-15.7399997E-3,16.0000008E-3,
,,,-15.7200005E-3,16.0000008E-3,
,,,-15.7000013E-3,16.0000008E-3,
,,,-15.6800002E-3,16.0000008E-3,
,,,-15.6600010E-3,16.0000008E-3,
,,,-15.6399999E-3,8.000000380E-3,
,,,-15.6200007E-3,16.0000008E-3,
,,,-15.6000005E-3,16.0000008E-3,
,,,-15.5800004E-3,16.0000008E-3,
,,,-15.5600002E-3,8.000000380E-3,
,,,-15.5400010E-3,16.0000008E-3,
,,,-15.5200008E-3,16.0000008E-3,
,,,-15.5000007E-3,16.0000008E-3,
,,,-15.4800005E-3,16.0000008E-3,
,,,-15.4600004E-3,16.0000008E-3,
,,,-15.4400002E-3,8.000000380E-3,
,,,-15.4200010E-3,16.0000008E-3,
,,,-15.4000008E-3,8.000000380E-3,
,,,-15.3800007E-3,16.0000008E-3,
,,,-15.3600005E-3,16.0000008E-3,
,,,-15.3400004E-3,16.0000008E-3,
,,,-15.3200002E-3,16.0000008E-3,
,,,-15.3000010E-3,16.0000008E-3,
,,,-15.2800009E-3,8.000000380E-3,
,,,-15.2600007E-3,8.000000380E-3,
,,,-15.2400006E-3,16.0000008E-3,
,,,-15.2200004E-3,8.000000380E-3,
,,,-15.2000003E-3,8.000000380E-3,
,,,-15.1800010E-3,8.000000380E-3,
,,,-15.1600009E-3,16.0000008E-3,
,,,-15.1400007E-3,16.0000008E-3,
,,,-15.1200006E-3,16.0000008E-3,
,,,-15.1000004E-3,16.0000008E-3,
,,,-15.0800003E-3,8.000000380E-3,
,,,-15.0600011E-3,16.0000008E-3,
,,,-15.0400009E-3,8.000000380E-3,
,,,-15.0200007E-3,16.0000008E-3,
,,,-15.0000006E-3,16.0000008E-3,
,,,-14.9800004E-3,16.0000008E-3,
,,,-14.9600003E-3,16.0000008E-3,
,,,-14.9400011E-3,16.0000008E-3,
,,,-14.9200009E-3,16.0000008E-3,
,,,-14.9000008E-3,16.0000008E-3,
,,,-14.8800006E-3,16.0000008E-3,
,,,-14.8600005E-3,16.0000008E-3,
,,,-14.8400003E-3,16.0000008E-3,
,,,-14.8200011E-3,16.0000008E-3,
,,,-14.8000009E-3,16.0000008E-3,
,,,-14.7800008E-3,16.0000008E-3,
,,,-14.7600006E-3,16.0000008E-3,
,,,-14.7400005E-3,16.0000008E-3,
,,,-14.7200003E-3,16.0000008E-3,
,,,-14.7000011E-3,16.0000008E-3,
,,,-14.6800010E-3,8.000000380E-3,
,,,-14.6600008E-3,8.000000380E-3,
,,,-14.6400006E-3,8.000000380E-3,
,,,-14.6200005E-3,16.0000008E-3,
,,,-14.6000003E-3,16.0000008E-3,
,,,-14.5800011E-3,16.0000008E-3,
,,,-14.5600010E-3,16.0000008E-3,
,,,-14.5400008E-3,16.0000008E-3,
,,,-14.5200007E-3,16.0000008E-3,
,,,-14.5000005E-3,8.000000380E-3,
,,,-14.4800004E-3,16.0000008E-3,
,,,-14.4600002E-3,16.0000008E-3,
,,,-14.4400010E-3,16.0000008E-3,
,,,-14.4200008E-3,8.000000380E-3,
,,,-14.4000007E-3,16.0000008E-3,
,,,-14.3800005E-3,16.0000008E-3,
,,,-14.3600004E-3,16.0000008E-3,
,,,-14.3400002E-3,16.0000008E-3,
,,,-14.3200010E-3,16.0000008E-3,
,,,-14.3000009E-3,16.0000008E-3,
,,,-14.2800007E-3,16.0000008E-3,
,,,-14.2600005E-3,16.0000008E-3,
,,,-14.2400004E-3,16.0000008E-3,
,,,-14.2200002E-3,16.0000008E-3,
,,,-14.2000010E-3,16.0000008E-3,
,,,-14.1800009E-3,16.0000008E-3,
,,,-14.1600007E-3,16.0000008E-3,
,,,-14.1400006E-3,16.0000008E-3,
,,,-14.1200004E-3,16.0000008E-3,
,,,-14.1000003E-3,16.0000008E-3,
,,,-14.0800010E-3,16.0000008E-3,
,,,-14.0600009E-3,8.000000380E-3,
,,,-14.0400007E-3,16.0000008E-3,
,,,-14.0200006E-3,16.0000008E-3,
,,,-14.0000004E-3,16.0000008E-3,
,,,-13.9800003E-3,8.000000380E-3,
,,,-13.9600011E-3,16.0000008E-3,
,,,-13.9400009E-3,8.000000380E-3,
,,,-13.9200008E-3,16.0000008E-3,
,,,-13.9000006E-3,8.000000380E-3,
,,,-13.8800004E-3,8.000000380E-3,
,,,-13.8600003E-3,16.0000008E-3,
,,,-13.8400011E-3,8.000000380E-3,
,,,-13.8200009E-3,8.000000380E-3,
,,,-13.8000008E-3,16.0000008E-3,
,,,-13.7800006E-3,16.0000008E-3,
,,,-13.7600005E-3,8.000000380E-3,
,,,-13.7400003E-3,16.0000008E-3,
,,,-13.7200011E-3,16.0000008E-3,
,,,-13.7000009E-3,16.0000008E-3,
,,,-13.6800008E-3,8.000000380E-3,
,,,-13.6600006E-3,16.0000008E-3,
,,,-13.6400005E-3,16.0000008E-3,
,,,-13.6200003E-3,8.000000380E-3,
,,,-13.6000011E-3,16.0000008E-3,
,,,-13.5800010E-3,16.0000008E-3,
,,,-13.5600008E-3,16.0000008E-3,
,,,-13.5400007E-3,8.000000380E-3,
,,,-13.5200005E-3,8.000000380E-3,
,,,-13.5000004E-3,16.0000008E-3,
,,,-13.4800011E-3,16.0000008E-3,
,,,-13.4600010E-3,16.0000008E-3,
,,,-13.4400008E-3,16.0000008E-3,
,,,-13.4200007E-3,16.0000008E-3,
,,,-13.4000005E-3,16.0000008E-3,
,,,-13.3800004E-3,16.0000008E-3,
,,,-13.3600011E-3,8.000000380E-3,
,,,-13.3400010E-3,16.0000008E-3,
,,,-13.3200008E-3,16.0000008E-3,
,,,-13.3000007E-3,16.0000008E-3,
,,,-13.2800005E-3,8.000000380E-3,
,,,-13.2600004E-3,16.0000008E-3,
,,,-13.2400002E-3,8.000000380E-3,
,,,-13.2200010E-3,16.0000008E-3,
,,,-13.2000009E-3,16.0000008E-3,
,,,-13.1800007E-3,8.000000380E-3,
,,,-13.1600006E-3,16.0000008E-3,
,,,-13.1400004E-3,16.0000008E-3,
,,,-13.1200003E-3,8.000000380E-3,
,,,-13.1000010E-3,16.0000008E-3,
,,,-13.0800009E-3,16.0000008E-3,
,,,-13.0600007E-3,8.000000380E-3,
,,,-13.0400006E-3,16.0000008E-3,
,,,-13.0200004E-3,8.000000380E-3,
,,,-13.0000003E-3,16.0000008E-3,
,,,-12.9800010E-3,16.0000008E-3,
,,,-12.9600009E-3,8.000000380E-3,
,,,-12.9400007E-3,16.0000008E-3,
,,,-12.9200006E-3,16.0000008E-3,
,,,-12.9000004E-3,16.0000008E-3,
,,,-12.8800003E-3,16.0000008E-3,
,,,-12.8600011E-3,16.0000008E-3,
,,,-12.8400009E-3,16.0000008E-3,
,,,-12.8200008E-3,16.0000008E-3,
,,,-12.8000006E-3,16.0000008E-3,
,,,-12.7800005E-3,8.000000380E-3,
,,,-12.7600003E-3,16.0000008E-3,
,,,-12.7400011E-3,16.0000008E-3,
,,,-12.7200009E-3,16.0000008E-3,
,,,-12.7000008E-3,8.000000380E-3,
,,,-12.6800006E-3,16.0000008E-3,
,,,-12.6600005E-3,16.0000008E-3,
,,,-12.6400003E-3,16.0000008E-3,
,,,-12.6200011E-3,8.000000380E-3,
,,,-12.6000009E-3,16.0000008E-3,
,,,-12.5800008E-3,8.000000380E-3,
,,,-12.5600006E-3,8.000000380E-3,
,,,-12.5400005E-3,16.0000008E-3,
,,,-12.5200003E-3,16.0000008E-3,
,,,-12.5000011E-3,8.000000380E-3,
,,,-12.4800010E-3,16.0000008E-3,
,,,-12.4600008E-3,16.0000008E-3,
,,,-12.4400007E-3,16.0000008E-3,
,,,-12.4200005E-3,16.0000008E-3,
,,,-12.4000004E-3,16.0000008E-3,
,,,-12.3800011E-3,16.0000008E-3,
,,,-12.3600010E-3,16.0000008E-3,
,,,-12.3400008E-3,16.0000008E-3,
,,,-12.3200007E-3,16.0000008E-3,
,,,-12.3000005E-3,16.0000008E-3,
,,,-12.2800004E-3,16.0000008E-3,
,,,-12.2600012E-3,16.0000008E-3,
,,,-12.2400010E-3,16.0000008E-3,
,,,-12.2200008E-3,16.0000008E-3,
,,,-12.2000007E-3,16.0000008E-3,
,,,-12.1800005E-3,8.000000380E-3,
,,,-12.1600004E-3,16.0000008E-3,
,,,-12.1400012E-3,16.0000008E-3,
,,,-12.1200010E-3,8.000000380E-3,
,,,-12.1000009E-3,16.0000008E-3,
,,,-12.0800007E-3,16.0000008E-3,
,,,-12.0600006E-3,8.000000380E-3,
,,,-12.0400004E-3,16.0000008E-3,
,,,-12.0200012E-3,16.0000008E-3,
,,,-12.0000010E-3,16.0000008E-3,
,,,-11.9800009E-3,8.000000380E-3,
,,,-11.9600007E-3,16.0000008E-3,
,,,-11.9400006E-3,8.000000380E-3,
,,,-11.9200004E-3,16.0000008E-3,
,,,-11.9000003E-3,16.0000008E-3,
,,,-11.8800011E-3,16.0000008E-3,
,,,-11.8600009E-3,16.0000008E-3,
,,,-11.8400007E-3,8.000000380E-3,
,,,-11.8200006E-3,16.0000008E-3,
,,,-11.8000004E-3,16.0000008E-3,
,,,-11.7800003E-3,16.0000008E-3,
,,,-11.7600011E-3,16.0000008E-3,
,,,-11.7400009E-3,16.0000008E-3,
,,,-11.7200008E-3,16.0000008E-3,
,,,-11.7000006E-3,16.0000008E-3,
,,,-11.6800005E-3,16.0000008E-3,
,,,-11.6600003E-3,8.000000380E-3,
,,,-11.6400011E-3,16.0000008E-3,
,,,-11.6200009E-3,16.0000008E-3,
,,,-11.6000008E-3,16.0000008E-3,
,,,-11.5800006E-3,16.0000008E-3,
,,,-11.5600005E-3,16.0000008E-3,
,,,-11.5400003E-3,16.0000008E-3,
,,,-11.5200011E-3,16.0000008E-3,
,,,-11.5000010E-3,16.0000008E-3,
,,,-11.4800008E-3,8.000000380E-3,
,,,-11.4600006E-3,16.0000008E-3,
,,,-11.4400005E-3,16.0000008E-3,
,,,-11.4200003E-3,16.0000008E-3,
,,,-11.4000011E-3,16.0000008E-3,
,,,-11.3800010E-3,16.0000008E-3,
,,,-11.3600008E-3,16.0000008E-3,
,,,-11.3400007E-3,16.0000008E-3,
,,,-11.3200005E-3,16.0000008E-3,
,,,-11.3000004E-3,16.0000008E-3,
,,,-11.2800011E-3,16.0000008E-3,
,,,-11.2600010E-3,16.0000008E-3,
,,,-11.2400008E-3,8.000000380E-3,
,,,-11.2200007E-3,8.000000380E-3,
,,,-11.2000005E-3,16.0000008E-3,
,,,-11.1800004E-3,16.0000008E-3,
,,,-11.1600012E-3,16.0000008E-3,
,,,-11.1400010E-3,16.0000008E-3,
,,,-11.1200009E-3,16.0000008E-3,
,,,-11.1000007E-3,16.0000008E-3,
,,,-11.0800005E-3,8.000000380E-3,
,,,-11.0600004E-3,16.0000008E-3,
,,,-11.0400012E-3,16.0000008E-3,
,,,-11.0200010E-3,8.000000380E-3,
,,,-11.0000009E-3,16.0000008E-3,
,,,-10.9800007E-3,16.0000008E-3,
,,,-10.9600006E-3,16.0000008E-3,
,,,-10.9400004E-3,16.0000008E-3,
,,,-10.9200012E-3,16.0000008E-3,
,,,-10.9000010E-3,16.0000008E-3,
,,,-10.8800009E-3,16.0000008E-3,
,,,-10.8600007E-3,16.0000008E-3,
,,,-10.8400006E-3,8.000000380E-3,
,,,-10.8200004E-3,8.000000380E-3,
,,,-10.8000012E-3,16.0000008E-3,
,,,-10.7800011E-3,16.0000008E-3,
,,,-10.7600009E-3,8.000000380E-3,
,,,-10.7400008E-3,16.0000008E-3,
,,,-10.7200006E-3,16.0000008E-3,
,,,-10.7000005E-3,16.0000008E-3,
,,,-10.6800012E-3,8.000000380E-3,
,,,-10.6600011E-3,16.0000008E-3,
,,,-10.6400009E-3,8.000000380E-3,
,,,-10.6200008E-3,16.0000008E-3,
,,,-10.6000006E-3,16.0000008E-3,
,,,-10.5800005E-3,16.0000008E-3,
,,,-10.5600003E-3,16.0000008E-3,
,,,-10.5400011E-3,16.0000008E-3,
,,,-10.5200009E-3,16.0000008E-3,
,,,-10.5000008E-3,16.0000008E-3,
,,,-10.4800006E-3,16.0000008E-3,
,,,-10.4600005E-3,16.0000008E-3,
,,,-10.4400003E-3,8.000000380E-3,
,,,-10.4200011E-3,8.000000380E-3,
,,,-10.4000010E-3,16.0000008E-3,
,,,-10.3800008E-3,16.0000008E-3,
,,,-10.3600007E-3,16.0000008E-3,
,,,-10.3400005E-3,16.0000008E-3,
,,,-10.3200004E-3,16.0000008E-3,
,,,-10.3000011E-3,16.0000008E-3,
,,,-10.2800010E-3,16.0000008E-3,
,,,-10.2600008E-3,8.000000380E-3,
,,,-10.2400007E-3,16.0000008E-3,
,,,-10.2200005E-3,16.0000008E-3,
,,,-10.2000004E-3,16.0000008E-3,
,,,-10.1800011E-3,16.0000008E-3,
,,,-10.1600010E-3,16.0000008E-3,
,,,-10.1400008E-3,8.000000380E-3,
,,,-10.1200007E-3,16.0000008E-3,
,,,-10.1000005E-3,16.0000008E-3,
,,,-10.0800004E-3,16.0000008E-3,
,,,-10.0600012E-3,16.0000008E-3,
,,,-10.0400010E-3,16.0000008E-3,
,,,-10.0200009E-3,32.00000152E-3,
,,,-10.0000007E-3,216.00000560E-3,
,,,-9.980000556E-3,160.00001132E-3,
,,,-9.960000403E-3,64.000003040E-3,
,,,-9.940001182E-3,32.00000152E-3,
,,,-9.920001030E-3,16.0000008E-3,
,,,-9.900000878E-3,16.0000008E-3,
,,,-9.880000725E-3,16.0000008E-3,
,,,-9.860000573E-3,16.0000008E-3,
,,,-9.840000421E-3,16.0000008E-3,
,,,-9.820001200E-3,16.0000008E-3,
,,,-9.800001048E-3,16.0000008E-3,
,,,-9.780000895E-3,8.000000380E-3,
,,,-9.760000743E-3,16.0000008E-3,
,,,-9.740000591E-3,16.0000008E-3,
,,,-9.720000438E-3,16.0000008E-3,
,,,-9.700001217E-3,16.0000008E-3,
,,,-9.680001065E-3,16.0000008E-3,
,,,-9.660000913E-3,16.0000008E-3,
,,,-9.640000761E-3,16.0000008E-3,
,,,-9.620000608E-3,16.0000008E-3,
,,,-9.600000456E-3,16.0000008E-3,
,,,-9.580001235E-3,16.0000008E-3,
,,,-9.560001083E-3,16.0000008E-3,
,,,-9.540000930E-3,16.0000008E-3,
,,,-9.520000778E-3,16.0000008E-3,
,,,-9.500000626E-3,16.0000008E-3,
,,,-9.480000474E-3,16.0000008E-3,
,,,-9.460001253E-3,16.0000008E-3,
,,,-9.440001100E-3,16.0000008E-3,
,,,-9.420000948E-3,16.0000008E-3,
,,,-9.400000796E-3,16.0000008E-3,
,,,-9.380000643E-3,24.00000021E-3,
,,,-9.360000491E-3,24.00000021E-3,
,,,-9.340000339E-3,112.0000035E-3,
,,,-9.320001118E-3,392.00001955E-3,
,,,-9.300000966E-3,160.00001132E-3,
,,,-9.280000813E-3,72.000004351E-3,
,,,-9.260000661E-3,32.00000152E-3,
,,,-9.240000509E-3,24.00000021E-3,
,,,-9.220000356E-3,16.0000008E-3,
,,,-9.200001135E-3,16.0000008E-3,
,,,-9.180000983E-3,16.0000008E-3,
,,,-9.160000831E-3,16.0000008E-3,
,,,-9.140000679E-3,16.0000008E-3,
,,,-9.120000526E-3,16.0000008E-3,
,,,-9.100000374E-3,16.0000008E-3,
,,,-9.080001153E-3,16.0000008E-3,
,,,-9.060001001E-3,16.0000008E-3,
,,,-9.040000848E-3,16.0000008E-3,
,,,-9.020000696E-3,16.0000008E-3,
,,,-9.000000544E-3,16.0000008E-3,
,,,-8.980000392E-3,16.0000008E-3,
,,,-8.960001171E-3,16.0000008E-3,
,,,-8.940001018E-3,16.0000008E-3,
,,,-8.920000866E-3,16.0000008E-3,
,,,-8.900000714E-3,8.000000380E-3,
,,,-8.880000561E-3,16.0000008E-3,
,,,-8.860000409E-3,16.0000008E-3,
,,,-8.840001188E-3,16.0000008E-3,
,,,-8.820001036E-3,16.0000008E-3,
,,,-8.800000884E-3,16.0000008E-3,
,,,-8.780000731E-3,16.0000008E-3,
,,,-8.760000579E-3,16.0000008E-3,
,,,-8.740000427E-3,8.000000380E-3,
,,,-8.720001206E-3,16.0000008E-3,
,,,-8.700001054E-3,16.0000008E-3,
,,,-8.680000901E-3,16.0000008E-3,
,,,-8.660000749E-3,16.0000008E-3,
,,,-8.640000597E-3,16.0000008E-3,
,,,-8.620000444E-3,8.000000380E-3,
,,,-8.600001223E-3,16.0000008E-3,
,,,-8.580001071E-3,8.000000380E-3,
,,,-8.560000919E-3,16.0000008E-3,
,,,-8.540000767E-3,8.000000380E-3,
,,,-8.520000614E-3,16.0000008E-3,
,,,-8.500000462E-3,8.000000380E-3,
,,,-8.480001241E-3,16.0000008E-3,
,,,-8.460001089E-3,16.0000008E-3,
,,,-8.440000936E-3,8.000000380E-3,
,,,-8.420000784E-3,16.0000008E-3,
,,,-8.400000632E-3,8.000000380E-3,
,,,-8.380000480E-3,16.0000008E-3,
,,,-8.360001259E-3,16.0000008E-3,
,,,-8.340001106E-3,16.0000008E-3,
,,,-8.320000954E-3,16.0000008E-3,
,,,-8.300000802E-3,16.0000008E-3,
,,,-8.280000649E-3,8.000000380E-3,
,,,-8.260000497E-3,8.000000380E-3,
,,,-8.240001276E-3,16.0000008E-3,
,,,-8.220001124E-3,8.000000380E-3,
,,,-8.200000972E-3,16.0000008E-3,
,,,-8.180000819E-3,8.000000380E-3,
,,,-8.160000667E-3,8.000000380E-3,
,,,-8.140000515E-3,16.0000008E-3,
,,,-8.120000362E-3,8.000000380E-3,
,,,-8.100001141E-3,8.000000380E-3,
,,,-8.080000989E-3,8.000000380E-3,
,,,-8.060000837E-3,8.000000380E-3,
,,,-8.040000685E-3,16.0000008E-3,
,,,-8.020000532E-3,16.0000008E-3,
,,,-8.000000380E-3,16.0000008E-3,
,,,-7.980001159E-3,16.0000008E-3,
,,,-7.960001007E-3,16.0000008E-3,
,,,-7.940000854E-3,8.000000380E-3,
,,,-7.920000702E-3,8.000000380E-3,
,,,-7.900000550E-3,8.000000380E-3,
,,,-7.880000398E-3,16.0000008E-3,
,,,-7.860001177E-3,8.000000380E-3,
,,,-7.840001024E-3,16.0000008E-3,
,,,-7.820000872E-3,8.000000380E-3,
,,,-7.800000720E-3,8.000000380E-3,
,,,-7.780001033E-3,8.000000380E-3,
,,,-7.760000881E-3,16.0000008E-3,
,,,-7.740000729E-3,8.000000380E-3,
,,,-7.720001042E-3,8.000000380E-3,
,,,-7.700000890E-3,8.000000380E-3,
,,,-7.680000737E-3,16.0000008E-3,
,,,-7.660001051E-3,16.0000008E-3,
,,,-7.640000898E-3,16.0000008E-3,
,,,-7.620000746E-3,16.0000008E-3,
,,,-7.600001059E-3,16.0000008E-3,
,,,-7.580000907E-3,16.0000008E-3,
,,,-7.560000755E-3,16.0000008E-3,
,,,-7.540001068E-3,16.0000008E-3,
,,,-7.520000916E-3,16.0000008E-3,
,,,-7.500000764E-3,8.000000380E-3,
,,,-7.480001077E-3,16.0000008E-3,
,,,-7.460000925E-3,16.0000008E-3,
,,,-7.440000772E-3,16.0000008E-3,
,,,-7.420000620E-3,16.0000008E-3,
,,,-7.400000934E-3,16.0000008E-3,
,,,-7.38000078E-3,16.0000008E-3,
,,,-7.36000063E-3,16.0000008E-3,
,,,-7.34000094E-3,16.0000008E-3,
,,,-7.32000079E-3,8.000000380E-3,
,,,-7.30000064E-3,8.000000380E-3,
,,,-7.28000095E-3,16.0000008E-3,
,,,-7.26000080E-3,16.0000008E-3,
,,,-7.24000065E-3,8.000000380E-3,
,,,-7.22000096E-3,16.0000008E-3,
,,,-7.20000081E-3,8.000000380E-3,
,,,-7.18000066E-3,16.0000008E-3,
,,,-7.16000097E-3,16.0000008E-3,
,,,-7.14000082E-3,8.000000380E-3,
,,,-7.12000066E-3,8.000000380E-3,
,,,-7.10000098E-3,16.0000008E-3,
,,,-7.08000083E-3,8.000000380E-3,
,,,-7.06000067E-3,16.0000008E-3,
,,,-7.04000099E-3,16.0000008E-3,
,,,-7.02000083E-3,16.0000008E-3,
,,,-7.00000068E-3,16.0000008E-3,
,,,-6.98000100E-3,8.000000380E-3,
,,,-6.96000084E-3,16.0000008E-3,
,,,-6.94000069E-3,8.000000380E-3,
,,,-6.92000100E-3,8.000000380E-3,
,,,-6.90000085E-3,16.0000008E-3,
,,,-6.88000070E-3,16.0000008E-3,
,,,-6.86000101E-3,8.000000380E-3,
,,,-6.84000086E-3,8.000000380E-3,
,,,-6.82000071E-3,16.0000008E-3,
,,,-6.80000102E-3,16.0000008E-3,
,,,-6.78000087E-3,16.0000008E-3,
,,,-6.76000072E-3,16.0000008E-3,
,,,-6.74000103E-3,16.0000008E-3,
,,,-6.72000088E-3,8.000000380E-3,
,,,-6.70000073E-3,16.0000008E-3,
,,,-6.68000104E-3,16.0000008E-3,
,,,-6.66000089E-3,16.0000008E-3,
,,,-6.64000073E-3,16.0000008E-3,
,,,-6.62000105E-3,16.0000008E-3,
,,,-6.60000090E-3,16.0000008E-3,
,,,-6.58000074E-3,8.000000380E-3,
,,,-6.56000106E-3,8.000000380E-3,
,,,-6.54000090E-3,16.0000008E-3,
,,,-6.52000075E-3,16.0000008E-3,
,,,-6.50000107E-3,16.0000008E-3,
,,,-6.48000091E-3,16.0000008E-3,
,,,-6.46000076E-3,16.0000008E-3,
,,,-6.44000107E-3,16.0000008E-3,
,,,-6.42000092E-3,16.0000008E-3,
,,,-6.40000077E-3,8.000000380E-3,
,,,-6.38000108E-3,16.0000008E-3,
,,,-6.36000093E-3,8.000000380E-3,
,,,-6.34000078E-3,8.000000380E-3,
,,,-6.32000109E-3,16.0000008E-3,
,,,-6.30000094E-3,8.000000380E-3,
,,,-6.28000079E-3,8.000000380E-3,
,,,-6.26000110E-3,16.0000008E-3,
,,,-6.24000095E-3,16.0000008E-3,
,,,-6.22000080E-3,16.0000008E-3,
,,,-6.20000064E-3,16.0000008E-3,
,,,-6.18000096E-3,16.0000008E-3,
,,,-6.16000080E-3,16.0000008E-3,
,,,-6.14000065E-3,16.0000008E-3,
,,,-6.12000097E-3,16.0000008E-3,
,,,-6.10000081E-3,16.0000008E-3,
,,,-6.08000066E-3,16.0000008E-3,
,,,-6.06000097E-3,16.0000008E-3,
,,,-6.04000082E-3,16.0000008E-3,
,,,-6.02000067E-3,16.0000008E-3,
,,,-6.00000098E-3,8.000000380E-3,
,,,-5.98000083E-3,16.0000008E-3,
,,,-5.96000068E-3,8.000000380E-3,
,,,-5.94000099E-3,16.0000008E-3,
,,,-5.92000084E-3,8.000000380E-3,
,,,-5.90000069E-3,16.0000008E-3,
,,,-5.88000100E-3,16.0000008E-3,
,,,-5.86000085E-3,16.0000008E-3,
,,,-5.84000070E-3,16.0000008E-3,
,,,-5.82000101E-3,16.0000008E-3,
,,,-5.80000086E-3,8.000000380E-3,
,,,-5.78000071E-3,16.0000008E-3,
,,,-5.76000102E-3,16.0000008E-3,
,,,-5.74000087E-3,16.0000008E-3,
,,,-5.72000071E-3,8.000000380E-3,
,,,-5.70000103E-3,8.000000380E-3,
,,,-5.68000088E-3,8.000000380E-3,
,,,-5.66000072E-3,16.0000008E-3,
,,,-5.64000104E-3,16.0000008E-3,
,,,-5.62000088E-3,8.000000380E-3,
,,,-5.60000073E-3,16.0000008E-3,
,,,-5.58000105E-3,8.000000380E-3,
,,,-5.56000089E-3,16.0000008E-3,
,,,-5.54000074E-3,8.000000380E-3,
,,,-5.52000105E-3,16.0000008E-3,
,,,-5.50000090E-3,16.0000008E-3,
,,,-5.48000075E-3,16.0000008E-3,
,,,-5.46000106E-3,16.0000008E-3,
,,,-5.44000091E-3,8.000000380E-3,
,,,-5.42000076E-3,16.0000008E-3,
,,,-5.40000107E-3,16.0000008E-3,
,,,-5.38000092E-3,16.0000008E-3,
,,,-5.36000077E-3,16.0000008E-3,
,,,-5.34000108E-3,16.0000008E-3,
,,,-5.32000093E-3,16.0000008E-3,
,,,-5.30000078E-3,8.000000380E-3,
,,,-5.28000109E-3,16.0000008E-3,
,,,-5.26000094E-3,16.0000008E-3,
,,,-5.24000078E-3,16.0000008E-3,
,,,-5.22000110E-3,8.000000380E-3,
,,,-5.20000095E-3,8.000000380E-3,
,,,-5.18000079E-3,16.0000008E-3,
,,,-5.16000111E-3,16.0000008E-3,
,,,-5.14000095E-3,16.0000008E-3,
,,,-5.12000080E-3,16.0000008E-3,
,,,-5.10000112E-3,8.000000380E-3,
,,,-5.08000096E-3,16.0000008E-3,
,,,-5.06000081E-3,16.0000008E-3,
,,,-5.04000112E-3,16.0000008E-3,
,,,-5.02000097E-3,16.0000008E-3,
,,,-5.00000082E-3,16.0000008E-3,
,,,-4.98000113E-3,16.0000008E-3,
,,,-4.96000098E-3,16.0000008E-3,
,,,-4.94000083E-3,16.0000008E-3,
,,,-4.92000114E-3,16.0000008E-3,
,,,-4.90000099E-3,8.000000380E-3,
,,,-4.88000084E-3,8.000000380E-3,
,,,-4.86000068E-3,8.000000380E-3,
,,,-4.84000100E-3,16.0000008E-3,
,,,-4.82000085E-3,8.000000380E-3,
,,,-4.80000069E-3,16.0000008E-3,
,,,-4.78000101E-3,16.0000008E-3,
,,,-4.76000085E-3,16.0000008E-3,
,,,-4.74000070E-3,16.0000008E-3,
,,,-4.72000102E-3,16.0000008E-3,
,,,-4.70000086E-3,16.0000008E-3,
,,,-4.68000071E-3,16.0000008E-3,
,,,-4.66000102E-3,16.0000008E-3,
,,,-4.64000087E-3,16.0000008E-3,
,,,-4.62000072E-3,16.0000008E-3,
,,,-4.60000103E-3,16.0000008E-3,
,,,-4.58000088E-3,16.0000008E-3,
,,,-4.56000073E-3,16.0000008E-3,
,,,-4.54000104E-3,16.0000008E-3,
,,,-4.52000089E-3,16.0000008E-3,
,,,-4.50000074E-3,16.0000008E-3,
,,,-4.48000105E-3,16.0000008E-3,
,,,-4.46000090E-3,16.0000008E-3,
,,,-4.44000075E-3,16.0000008E-3,
,,,-4.42000106E-3,16.0000008E-3,
,,,-4.40000091E-3,16.0000008E-3,
,,,-4.38000076E-3,16.0000008E-3,
,,,-4.36000107E-3,16.0000008E-3,
,,,-4.34000092E-3,16.0000008E-3,
,,,-4.32000076E-3,16.0000008E-3,
,,,-4.30000108E-3,16.0000008E-3,
,,,-4.28000093E-3,16.0000008E-3,
,,,-4.26000077E-3,16.0000008E-3,
,,,-4.24000109E-3,16.0000008E-3,
,,,-4.22000093E-3,16.0000008E-3,
,,,-4.20000078E-3,16.0000008E-3,
,,,-4.18000109E-3,16.0000008E-3,
,,,-4.16000094E-3,16.0000008E-3,
,,,-4.14000079E-3,8.000000380E-3,
,,,-4.12000110E-3,16.0000008E-3,
,,,-4.10000095E-3,16.0000008E-3,
,,,-4.08000080E-3,16.0000008E-3,
,,,-4.06000111E-3,16.0000008E-3,
,,,-4.04000096E-3,16.0000008E-3,
,,,-4.02000081E-3,16.0000008E-3,
,,,-4.00000112E-3,16.0000008E-3,
,,,-3.98000097E-3,8.000000380E-3,
,,,-3.96000082E-3,16.0000008E-3,
,,,-3.94000113E-3,16.0000008E-3,
,,,-3.92000098E-3,16.0000008E-3,
,,,-3.90000083E-3,16.0000008E-3,
,,,-3.88000091E-3,16.0000008E-3,
,,,-3.86000099E-3,16.0000008E-3,
,,,-3.84000083E-3,16.0000008E-3,
,,,-3.82000091E-3,16.0000008E-3,
,,,-3.80000100E-3,16.0000008E-3,
,,,-3.78000084E-3,16.0000008E-3,
,,,-3.76000092E-3,16.0000008E-3,
,,,-3.74000100E-3,16.0000008E-3,
,,,-3.72000085E-3,16.0000008E-3,
,,,-3.70000093E-3,16.0000008E-3,
,,,-3.68000101E-3,16.0000008E-3,
,,,-3.66000086E-3,8.000000380E-3,
,,,-3.64000094E-3,16.0000008E-3,
,,,-3.62000102E-3,16.0000008E-3,
,,,-3.60000087E-3,16.0000008E-3,
,,,-3.58000095E-3,16.0000008E-3,
,,,-3.56000103E-3,16.0000008E-3,
,,,-3.54000088E-3,16.0000008E-3,
,,,-3.52000096E-3,16.0000008E-3,
,,,-3.50000104E-3,16.0000008E-3,
,,,-3.48000089E-3,8.000000380E-3,
,,,-3.46000097E-3,16.0000008E-3,
,,,-3.44000105E-3,16.0000008E-3,
,,,-3.42000090E-3,16.0000008E-3,
,,,-3.40000098E-3,16.0000008E-3,
,,,-3.38000106E-3,8.000000380E-3,
,,,-3.36000090E-3,8.000000380E-3,
,,,-3.34000099E-3,16.0000008E-3,
,,,-3.32000107E-3,16.0000008E-3,
,,,-3.30000091E-3,16.0000008E-3,
,,,-3.28000099E-3,8.000000380E-3,
,,,-3.26000084E-3,8.000000380E-3,
,,,-3.24000092E-3,16.0000008E-3,
,,,-3.22000100E-3,16.0000008E-3,
,,,-3.20000085E-3,16.0000008E-3,
,,,-3.18000093E-3,16.0000008E-3,
,,,-3.16000101E-3,8.000000380E-3,
,,,-3.14000086E-3,16.0000008E-3,
,,,-3.12000094E-3,16.0000008E-3,
,,,-3.10000102E-3,16.0000008E-3,
,,,-3.08000087E-3,16.0000008E-3,
,,,-3.06000095E-3,16.0000008E-3,
,,,-3.04000103E-3,16.0000008E-3,
,,,-3.02000088E-3,16.0000008E-3,
,,,-3.00000096E-3,16.0000008E-3,
,,,-2.98000104E-3,16.0000008E-3,
,,,-2.96000089E-3,16.0000008E-3,
,,,-2.94000097E-3,16.0000008E-3,
,,,-2.92000105E-3,16.0000008E-3,
,,,-2.90000089E-3,16.0000008E-3,
,,,-2.88000097E-3,16.0000008E-3,
,,,-2.86000106E-3,16.0000008E-3,
,,,-2.84000090E-3,16.0000008E-3,
,,,-2.82000098E-3,16.0000008E-3,
,,,-2.80000106E-3,16.0000008E-3,
,,,-2.78000091E-3,16.0000008E-3,
,,,-2.76000099E-3,16.0000008E-3,
,,,-2.74000107E-3,16.0000008E-3,
,,,-2.72000092E-3,16.0000008E-3,
,,,-2.7000010E-3,16.0000008E-3,
,,,-2.6800008E-3,16.0000008E-3,
,,,-2.6600009E-3,16.0000008E-3,
,,,-2.6400010E-3,16.0000008E-3,
,,,-2.6200009E-3,16.0000008E-3,
,,,-2.6000009E-3,16.0000008E-3,
,,,-2.5800010E-3,16.0000008E-3,
,,,-2.5600009E-3,16.0000008E-3,
,,,-2.5400009E-3,16.0000008E-3,
,,,-2.5200010E-3,16.0000008E-3,
,,,-2.5000009E-3,16.0000008E-3,
,,,-2.4800010E-3,16.0000008E-3,
,,,-2.4600010E-3,16.0000008E-3,
,,,-2.4400009E-3,16.0000008E-3,
,,,-2.4200010E-3,8.000000380E-3,
,,,-2.4000010E-3,16.0000008E-3,
,,,-2.3800009E-3,16.0000008E-3,
,,,-2.3600010E-3,8.000000380E-3,
,,,-2.3400011E-3,16.0000008E-3,
,,,-2.3200009E-3,16.0000008E-3,
,,,-2.3000010E-3,16.0000008E-3,
,,,-2.2800011E-3,16.0000008E-3,
,,,-2.2600009E-3,16.0000008E-3,
,,,-2.2400010E-3,16.0000008E-3,
,,,-2.2200011E-3,16.0000008E-3,
,,,-2.2000009E-3,8.000000380E-3,
,,,-2.1800010E-3,16.0000008E-3,
,,,-2.1600011E-3,16.0000008E-3,
,,,-2.1400009E-3,8.000000380E-3,
,,,-2.1200010E-3,16.0000008E-3,
,,,-2.1000011E-3,8.000000380E-3,
,,,-2.0800009E-3,16.0000008E-3,
,,,-2.0600010E-3,16.0000008E-3,
,,,-2.0400011E-3,16.0000008E-3,
,,,-2.0200009E-3,8.000000380E-3,
,,,-2.0000010E-3,16.0000008E-3,
,,,-1.9800009E-3,8.000000380E-3,
,,,-1.9600010E-3,8.000000380E-3,
,,,-1.9400010E-3,16.0000008E-3,
,,,-1.9200010E-3,16.0000008E-3,
,,,-1.9000010E-3,16.0000008E-3,
,,,-1.8800010E-3,16.0000008E-3,
,,,-1.8600010E-3,16.0000008E-3,
,,,-1.8400010E-3,16.0000008E-3,
,,,-1.8200009E-3,24.00000021E-3,
,,,-1.8000010E-3,144.0000087E-3,
,,,-1.7800010E-3,184.00001526E-3,
,,,-1.7600009E-3,72.000004351E-3,
,,,-1.7400010E-3,32.00000152E-3,
,,,-1.7200010E-3,24.00000021E-3,
,,,-1.7000010E-3,16.0000008E-3,
,,,-1.6800010E-3,16.0000008E-3,
,,,-1.6600010E-3,16.0000008E-3,
,,,-1.6400010E-3,16.0000008E-3,
,,,-1.6200010E-3,16.0000008E-3,
,,,-1.6000010E-3,16.0000008E-3,
,,,-1.5800010E-3,16.0000008E-3,
,,,-1.5600009E-3,16.0000008E-3,
,,,-1.5400010E-3,16.0000008E-3,
,,,-1.5200010E-3,16.0000008E-3,
,,,-1.5000009E-3,16.0000008E-3,
,,,-1.4800010E-3,16.0000008E-3,
,,,-1.4600010E-3,16.0000008E-3,
,,,-1.4400010E-3,16.0000008E-3,
,,,-1.4200010E-3,16.0000008E-3,
,,,-1.4000010E-3,16.0000008E-3,
,,,-1.3800010E-3,16.0000008E-3,
,,,-1.3600010E-3,16.0000008E-3,
,,,-1.3400010E-3,8.000000380E-3,
,,,-1.3200010E-3,16.0000008E-3,
,,,-1.3000011E-3,16.0000008E-3,
,,,-1.2800010E-3,16.0000008E-3,
,,,-1.2600010E-3,16.0000008E-3,
,,,-1.2400011E-3,16.0000008E-3,
,,,-1.2200010E-3,16.0000008E-3,
,,,-1.2000010E-3,16.0000008E-3,
,,,-1.1800010E-3,16.0000008E-3,
,,,-1.1600010E-3,24.00000021E-3,
,,,-1.1400010E-3,48.00000042E-3,
,,,-1.1200010E-3,408.000022173E-3,
,,,-1.1000010E-3,216.00000560E-3,
,,,-1.0800010E-3,88.000006974E-3,
,,,-1.0600010E-3,40.00000283E-3,
,,,-1.0400011E-3,24.00000021E-3,
,,,-1.0200010E-3,16.0000008E-3,
,,,-1.0000010E-3,16.0000008E-3,
,,,-980.001059361E-6,16.0000008E-3,
,,,-960.001023486E-6,16.0000008E-3,
,,,-940.000987612E-6,16.0000008E-3,
,,,-920.001009945E-6,16.0000008E-3,
,,,-900.001032278E-6,16.0000008E-3,
,,,-880.000996403E-6,16.0000008E-3,
,,,-860.001018737E-6,16.0000008E-3,
,,,-840.001041070E-6,16.0000008E-3,
,,,-820.001005195E-6,8.000000380E-3,
,,,-800.001027528E-6,16.0000008E-3,
,,,-780.000991654E-6,16.0000008E-3,
,,,-760.001013987E-6,16.0000008E-3,
,,,-740.001036320E-6,16.0000008E-3,
,,,-720.001000445E-6,16.0000008E-3,
,,,-700.001022778E-6,16.0000008E-3,
,,,-680.000986904E-6,16.0000008E-3,
,,,-660.001009237E-6,16.0000008E-3,
,,,-640.001031570E-6,16.0000008E-3,
,,,-620.000995696E-6,16.0000008E-3,
,,,-600.001018029E-6,16.0000008E-3,
,,,-580.001040362E-6,16.0000008E-3,
,,,-560.001004487E-6,16.0000008E-3,
,,,-540.001026820E-6,16.0000008E-3,
,,,-520.001049154E-6,16.0000008E-3,
,,,-500.001013279E-6,16.0000008E-3,
,,,-480.001035612E-6,16.0000008E-3,
,,,-460.001028841E-6,16.0000008E-3,
,,,-440.001022071E-6,16.0000008E-3,
,,,-420.001015300E-6,16.0000008E-3,
,,,-400.00100853E-6,8.000000380E-3,
,,,-380.00103086E-6,16.0000008E-3,
,,,-360.00102409E-6,16.0000008E-3,
,,,-340.00101732E-6,16.0000008E-3,
,,,-320.00103965E-6,16.0000008E-3,
,,,-300.00103288E-6,16.0000008E-3,
,,,-280.00102611E-6,16.0000008E-3,
,,,-260.00101934E-6,16.0000008E-3,
,,,-240.00102712E-6,16.0000008E-3,
,,,-220.00103490E-6,8.000000380E-3,
,,,-200.00102813E-6,8.000000380E-3,
,,,-180.00102136E-6,16.0000008E-3,
,,,-160.00102914E-6,16.0000008E-3,
,,,-140.0010369E-6,16.0000008E-3,
,,,-120.0010302E-6,16.0000008E-3,
,,,-100.0010307E-6,16.0000008E-3,
,,,-80.001031165E-6,8.000000380E-3,
,,,-60.001031670E-6,16.0000008E-3,
,,,-40.00103218E-6,16.0000008E-3,
,,,-20.0010327E-6,16.0000008E-3,
,,,-1.0331860E-9,16.0000008E-3,
,,,19.9989663E-6,8.000000380E-3,
,,,39.99896580E-6,16.0000008E-3,
,,,59.998965298E-6,16.0000008E-3,
,,,79.998964793E-6,16.0000008E-3,
,,,99.998964288E-6,8.000000380E-3,
,,,119.9989638E-6,16.0000008E-3,
,,,139.9989706E-6,8.000000380E-3,
,,,159.99896277E-6,16.0000008E-3,
,,,179.99895499E-6,8.000000380E-3,
,,,199.99896176E-6,16.0000008E-3,
,,,219.99896853E-6,16.0000008E-3,
,,,239.99896075E-6,16.0000008E-3,
,,,259.99895297E-6,16.0000008E-3,
,,,279.99895974E-6,64.000003040E-3,
,,,299.99896651E-6,24.00000021E-3,
,,,319.99894418E-6,16.0000008E-3,
,,,339.99895095E-6,32.00000152E-3,
,,,359.99895772E-6,24.00000021E-3,
,,,379.99896449E-6,16.0000008E-3,
,,,399.99897126E-6,16.0000008E-3,
,,,419.998948928E-6,16.0000008E-3,
,,,439.998955699E-6,16.0000008E-3,
,,,459.998962469E-6,16.0000008E-3,
,,,479.998940136E-6,8.000000380E-3,
,,,499.998976011E-6,16.0000008E-3,
,,,519.998953678E-6,16.0000008E-3,
,,,539.998931345E-6,16.0000008E-3,
,,,559.998967219E-6,16.0000008E-3,
,,,579.998944886E-6,16.0000008E-3,
,,,599.998980761E-6,16.0000008E-3,
,,,619.998958427E-6,16.0000008E-3,
,,,639.998936094E-6,16.0000008E-3,
,,,659.998971969E-6,16.0000008E-3,
,,,679.998949636E-6,16.0000008E-3,
,,,699.998927303E-6,16.0000008E-3,
,,,719.998963177E-6,16.0000008E-3,
,,,739.998940844E-6,16.0000008E-3,
,,,759.998918511E-6,16.0000008E-3,
,,,779.998954386E-6,72.000004351E-3,
,,,799.998932052E-6,24.00000021E-3,
,,,819.998967927E-6,32.00000152E-3,
,,,839.998945594E-6,16.0000008E-3,
,,,859.998923261E-6,16.0000008E-3,
,,,879.998959135E-6,8.000000380E-3,
,,,899.998936802E-6,16.0000008E-3,
,,,919.998972677E-6,8.000000380E-3,
,,,939.998950344E-6,16.0000008E-3,
,,,959.998928010E-6,16.0000008E-3,
,,,979.998963885E-6,16.0000008E-3,
,,,999.998999760E-6,16.0000008E-3,
,,,1.0199989E-3,16.0000008E-3,
,,,1.0399990E-3,16.0000008E-3,
,,,1.0599990E-3,8.000000380E-3,
,,,1.0799989E-3,8.000000380E-3,
,,,1.0999989E-3,16.0000008E-3,
,,,1.1199990E-3,16.0000008E-3,
,,,1.1399989E-3,16.0000008E-3,
,,,1.1599989E-3,16.0000008E-3,
,,,1.1799990E-3,16.0000008E-3,
,,,1.1999989E-3,24.00000021E-3,
,,,1.2199989E-3,40.00000283E-3,
,,,1.2399990E-3,16.0000008E-3,
,,,1.2599989E-3,16.0000008E-3,
,,,1.2799989E-3,16.0000008E-3,
,,,1.2999990E-3,16.0000008E-3,
,,,1.3199989E-3,16.0000008E-3,
,,,1.3399989E-3,16.0000008E-3,
,,,1.3599989E-3,16.0000008E-3,
,,,1.3799990E-3,16.0000008E-3,
,,,1.3999989E-3,16.0000008E-3,
,,,1.4199989E-3,16.0000008E-3,
,,,1.4399990E-3,16.0000008E-3,
,,,1.4599989E-3,16.0000008E-3,
,,,1.4799989E-3,16.0000008E-3,
,,,1.4999990E-3,16.0000008E-3,
,,,1.5199989E-3,16.0000008E-3,
,,,1.5399989E-3,16.0000008E-3,
,,,1.5599990E-3,64.000003040E-3,
,,,1.5799989E-3,24.00000021E-3,
,,,1.5999989E-3,32.00000152E-3,
,,,1.6199989E-3,16.0000008E-3,
,,,1.6399990E-3,16.0000008E-3,
,,,1.6599989E-3,16.0000008E-3,
,,,1.6799989E-3,16.0000008E-3,
,,,1.6999990E-3,8.000000380E-3,
,,,1.7199989E-3,16.0000008E-3,
,,,1.7399989E-3,16.0000008E-3,
,,,1.7599990E-3,16.0000008E-3,
,,,1.7799989E-3,16.0000008E-3,
,,,1.7999989E-3,16.0000008E-3,
,,,1.8199990E-3,16.0000008E-3,
,,,1.8399989E-3,16.0000008E-3,
,,,1.8599989E-3,16.0000008E-3,
,,,1.8799989E-3,16.0000008E-3,
,,,1.8999989E-3,16.0000008E-3,
,,,1.9199989E-3,32.00000152E-3,
,,,1.9399989E-3,24.00000021E-3,
,,,1.9599989E-3,32.00000152E-3,
,,,1.9799990E-3,16.0000008E-3,
,,,1.9999989E-3,16.0000008E-3,
,,,2.0199989E-3,16.0000008E-3,
,,,2.0399990E-3,16.0000008E-3,
,,,2.0599989E-3,16.0000008E-3,
,,,2.0799988E-3,16.0000008E-3,
,,,2.0999990E-3,16.0000008E-3,
,,,2.1199989E-3,8.000000380E-3,
,,,2.1399988E-3,8.000000380E-3,
,,,2.1599990E-3,8.000000380E-3,
,,,2.1799989E-3,16.0000008E-3,
,,,2.1999988E-3,8.000000380E-3,
,,,2.2199990E-3,16.0000008E-3,
,,,2.2399989E-3,8.000000380E-3,
,,,2.2599988E-3,16.0000008E-3,
,,,2.2799990E-3,16.0000008E-3,
,,,2.2999989E-3,16.0000008E-3,
,,,2.3199988E-3,16.0000008E-3,
,,,2.3399990E-3,80.000005662E-3,
,,,2.3599989E-3,24.00000021E-3,
,,,2.3799988E-3,16.0000008E-3,
,,,2.3999989E-3,24.00000021E-3,
,,,2.4199989E-3,40.00000283E-3,
,,,2.4399990E-3,16.0000008E-3,
,,,2.4599989E-3,16.0000008E-3,
,,,2.4799989E-3,16.0000008E-3,
,,,2.4999990E-3,16.0000008E-3,
,,,2.5199989E-3,16.0000008E-3,
,,,2.5399989E-3,16.0000008E-3,
,,,2.5599990E-3,16.0000008E-3,
,,,2.5799989E-3,16.0000008E-3,
,,,2.5999988E-3,16.0000008E-3,
,,,2.6199990E-3,8.000000380E-3,
,,,2.6399989E-3,16.0000008E-3,
,,,2.6599988E-3,8.000000380E-3,
,,,2.6799990E-3,16.0000008E-3,
,,,2.6999989E-3,16.0000008E-3,
,,,2.71999883E-3,16.0000008E-3,
,,,2.73999898E-3,16.0000008E-3,
,,,2.75999890E-3,16.0000008E-3,
,,,2.77999882E-3,16.0000008E-3,
,,,2.79999897E-3,16.0000008E-3,
,,,2.81999889E-3,16.0000008E-3,
,,,2.83999881E-3,16.0000008E-3,
,,,2.85999896E-3,16.0000008E-3,
,,,2.87999888E-3,8.000000380E-3,
,,,2.89999880E-3,8.000000380E-3,
,,,2.91999895E-3,8.000000380E-3,
,,,2.93999887E-3,16.0000008E-3,
,,,2.95999879E-3,16.0000008E-3,
,,,2.97999894E-3,8.000000380E-3,
,,,2.99999886E-3,16.0000008E-3,
,,,3.01999878E-3,16.0000008E-3,
,,,3.03999893E-3,8.000000380E-3,
,,,3.05999885E-3,16.0000008E-3,
,,,3.07999877E-3,16.0000008E-3,
,,,3.09999892E-3,16.0000008E-3,
,,,3.11999884E-3,8.000000380E-3,
,,,3.13999900E-3,16.0000008E-3,
,,,3.15999892E-3,16.0000008E-3,
,,,3.17999884E-3,16.0000008E-3,
,,,3.19999899E-3,16.0000008E-3,
,,,3.21999891E-3,8.000000380E-3,
,,,3.23999883E-3,16.0000008E-3,
,,,3.25999898E-3,8.000000380E-3,
,,,3.27999890E-3,16.0000008E-3,
,,,3.29999882E-3,16.0000008E-3,
,,,3.31999897E-3,8.000000380E-3,
,,,3.33999889E-3,16.0000008E-3,
,,,3.35999881E-3,16.0000008E-3,
,,,3.37999896E-3,16.0000008E-3,
,,,3.39999888E-3,16.0000008E-3,
,,,3.41999880E-3,16.0000008E-3,
,,,3.43999895E-3,16.0000008E-3,
,,,3.45999887E-3,16.0000008E-3,
,,,3.47999879E-3,16.0000008E-3,
,,,3.49999894E-3,16.0000008E-3,
,,,3.51999886E-3,16.0000008E-3,
,,,3.53999878E-3,16.0000008E-3,
,,,3.55999894E-3,16.0000008E-3,
,,,3.57999885E-3,16.0000008E-3,
,,,3.59999877E-3,16.0000008E-3,
,,,3.61999893E-3,16.0000008E-3,
,,,3.63999885E-3,16.0000008E-3,
,,,3.65999877E-3,16.0000008E-3,
,,,3.67999892E-3,16.0000008E-3,
,,,3.69999884E-3,16.0000008E-3,
,,,3.71999899E-3,16.0000008E-3,
,,,3.73999891E-3,16.0000008E-3,
,,,3.75999883E-3,8.000000380E-3,
,,,3.77999898E-3,16.0000008E-3,
,,,3.79999890E-3,16.0000008E-3,
,,,3.81999882E-3,16.0000008E-3,
,,,3.83999897E-3,16.0000008E-3,
,,,3.85999889E-3,16.0000008E-3,
,,,3.87999881E-3,16.0000008E-3,
,,,3.89999896E-3,16.0000008E-3,
,,,3.91999865E-3,8.000000380E-3,
,,,3.93999880E-3,8.000000380E-3,
,,,3.95999895E-3,16.0000008E-3,
,,,3.97999864E-3,16.0000008E-3,
,,,3.99999879E-3,16.0000008E-3,
,,,4.01999895E-3,16.0000008E-3,
,,,4.03999910E-3,16.0000008E-3,
,,,4.05999878E-3,16.0000008E-3,
,,,4.07999894E-3,8.000000380E-3,
,,,4.09999909E-3,8.000000380E-3,
,,,4.11999878E-3,8.000000380E-3,
,,,4.13999893E-3,8.000000380E-3,
,,,4.15999908E-3,8.000000380E-3,
,,,4.17999877E-3,16.0000008E-3,
,,,4.19999892E-3,16.0000008E-3,
,,,4.21999907E-3,16.0000008E-3,
,,,4.23999876E-3,16.0000008E-3,
,,,4.25999891E-3,16.0000008E-3,
,,,4.27999906E-3,8.000000380E-3,
,,,4.29999875E-3,8.000000380E-3,
,,,4.31999890E-3,8.000000380E-3,
,,,4.33999905E-3,16.0000008E-3,
,,,4.35999874E-3,16.0000008E-3,
,,,4.37999889E-3,16.0000008E-3,
,,,4.39999904E-3,16.0000008E-3,
,,,4.41999873E-3,16.0000008E-3,
,,,4.43999888E-3,16.0000008E-3,
,,,4.45999904E-3,16.0000008E-3,
,,,4.47999872E-3,8.000000380E-3,
,,,4.49999887E-3,16.0000008E-3,
,,,4.51999903E-3,8.000000380E-3,
,,,4.53999871E-3,16.0000008E-3,
,,,4.55999887E-3,8.000000380E-3,
,,,4.57999902E-3,16.0000008E-3,
,,,4.59999871E-3,16.0000008E-3,
,,,4.61999886E-3,8.000000380E-3,
,,,4.63999901E-3,16.0000008E-3,
,,,4.65999870E-3,16.0000008E-3,
,,,4.67999885E-3,16.0000008E-3,
,,,4.69999900E-3,8.000000380E-3,
,,,4.71999869E-3,16.0000008E-3,
,,,4.73999884E-3,16.0000008E-3,
,,,4.75999899E-3,8.000000380E-3,
,,,4.77999868E-3,16.0000008E-3,
,,,4.79999883E-3,8.000000380E-3,
,,,4.81999898E-3,16.0000008E-3,
,,,4.83999867E-3,16.0000008E-3,
,,,4.85999882E-3,16.0000008E-3,
,,,4.87999897E-3,16.0000008E-3,
,,,4.89999866E-3,16.0000008E-3,
,,,4.91999881E-3,8.000000380E-3,
,,,4.93999897E-3,16.0000008E-3,
,,,4.95999865E-3,8.000000380E-3,
,,,4.97999880E-3,16.0000008E-3,
,,,4.99999896E-3,16.0000008E-3,
,,,5.01999864E-3,8.000000380E-3,
,,,5.03999880E-3,16.0000008E-3,
,,,5.05999895E-3,16.0000008E-3,
,,,5.07999863E-3,8.000000380E-3,
,,,5.09999879E-3,16.0000008E-3,
,,,5.11999894E-3,8.000000380E-3,
,,,5.13999863E-3,16.0000008E-3,
,,,5.15999878E-3,16.0000008E-3,
,,,5.17999893E-3,8.000000380E-3,
,,,5.19999862E-3,8.000000380E-3,
,,,5.21999877E-3,8.000000380E-3,
,,,5.23999892E-3,8.000000380E-3,
,,,5.25999861E-3,16.0000008E-3,
,,,5.27999876E-3,8.000000380E-3,
,,,5.29999891E-3,16.0000008E-3,
,,,5.31999860E-3,16.0000008E-3,
,,,5.33999875E-3,16.0000008E-3,
,,,5.35999890E-3,16.0000008E-3,
,,,5.37999906E-3,16.0000008E-3,
,,,5.39999874E-3,8.000000380E-3,
,,,5.41999890E-3,8.000000380E-3,
,,,5.43999905E-3,16.0000008E-3,
,,,5.45999873E-3,16.0000008E-3,
,,,5.47999889E-3,16.0000008E-3,
,,,5.49999904E-3,16.0000008E-3,
,,,5.51999873E-3,16.0000008E-3,
,,,5.53999888E-3,16.0000008E-3,
,,,5.55999903E-3,16.0000008E-3,
,,,5.57999872E-3,16.0000008E-3,
,,,5.59999887E-3,16.0000008E-3,
,,,5.61999902E-3,8.000000380E-3,
,,,5.63999871E-3,8.000000380E-3,
,,,5.65999886E-3,16.0000008E-3,
,,,5.67999901E-3,8.000000380E-3,
,,,5.69999870E-3,16.0000008E-3,
,,,5.71999885E-3,8.000000380E-3,
,,,5.73999900E-3,8.000000380E-3,
,,,5.75999869E-3,16.0000008E-3,
,,,5.77999884E-3,8.000000380E-3,
,,,5.79999899E-3,8.000000380E-3,
,,,5.81999868E-3,16.0000008E-3,
,,,5.83999883E-3,8.000000380E-3,
,,,5.85999899E-3,16.0000008E-3,
,,,5.87999867E-3,16.0000008E-3,
,,,5.89999883E-3,16.0000008E-3,
,,,5.91999898E-3,16.0000008E-3,
,,,5.93999866E-3,16.0000008E-3,
,,,5.95999882E-3,40.00000283E-3,
,,,5.97999897E-3,248.00001085E-3,
,,,5.99999866E-3,208.00000429E-3,
,,,6.01999881E-3,80.000005662E-3,
,,,6.03999896E-3,40.00000283E-3,
,,,6.05999865E-3,24.00000021E-3,
,,,6.07999880E-3,16.0000008E-3,
,,,6.09999895E-3,16.0000008E-3,
,,,6.11999864E-3,16.0000008E-3,
,,,6.13999879E-3,16.0000008E-3,
,,,6.15999894E-3,16.0000008E-3,
,,,6.17999863E-3,8.000000380E-3,
,,,6.19999878E-3,16.0000008E-3,
,,,6.21999893E-3,16.0000008E-3,
,,,6.23999862E-3,16.0000008E-3,
,,,6.25999877E-3,16.0000008E-3,
,,,6.27999892E-3,8.000000380E-3,
,,,6.29999861E-3,8.000000380E-3,
,,,6.31999876E-3,8.000000380E-3,
,,,6.33999892E-3,8.000000380E-3,
,,,6.35999860E-3,16.0000008E-3,
,,,6.37999875E-3,8.000000380E-3,
,,,6.39999891E-3,8.000000380E-3,
,,,6.41999859E-3,16.0000008E-3,
,,,6.43999875E-3,16.0000008E-3,
,,,6.45999890E-3,16.0000008E-3,
,,,6.47999858E-3,8.000000380E-3,
,,,6.49999874E-3,8.000000380E-3,
,,,6.51999889E-3,8.000000380E-3,
,,,6.53999858E-3,16.0000008E-3,
,,,6.55999873E-3,8.000000380E-3,
,,,6.57999888E-3,16.0000008E-3,
,,,6.59999903E-3,16.0000008E-3,
,,,6.61999872E-3,8.000000380E-3,
,,,6.63999887E-3,16.0000008E-3,
,,,6.65999902E-3,16.0000008E-3,
,,,6.67999871E-3,16.0000008E-3,
,,,6.69999886E-3,16.0000008E-3,
,,,6.71999902E-3,16.0000008E-3,
,,,6.73999870E-3,16.0000008E-3,
,,,6.75999885E-3,16.0000008E-3,
,,,6.77999901E-3,24.00000021E-3,
,,,6.79999869E-3,24.00000021E-3,
,,,6.81999885E-3,104.0000021E-3,
,,,6.83999900E-3,480.000019073E-3,
,,,6.85999868E-3,232.00000823E-3,
,,,6.87999884E-3,96.000000834E-3,
,,,6.89999899E-3,48.00000042E-3,
,,,6.91999868E-3,32.00000152E-3,
,,,6.93999883E-3,16.0000008E-3,
,,,6.95999898E-3,16.0000008E-3,
,,,6.97999867E-3,16.0000008E-3,
,,,6.99999882E-3,16.0000008E-3,
,,,7.01999897E-3,8.000000380E-3,
,,,7.03999866E-3,16.0000008E-3,
,,,7.05999881E-3,8.000000380E-3,
,,,7.07999896E-3,8.000000380E-3,
,,,7.09999865E-3,16.0000008E-3,
,,,7.11999880E-3,16.0000008E-3,
,,,7.13999895E-3,8.000000380E-3,
,,,7.15999864E-3,16.0000008E-3,
,,,7.17999879E-3,16.0000008E-3,
,,,7.19999894E-3,8.000000380E-3,
,,,7.21999863E-3,16.0000008E-3,
,,,7.23999878E-3,16.0000008E-3,
,,,7.25999894E-3,8.000000380E-3,
,,,7.27999862E-3,16.0000008E-3,
,,,7.29999878E-3,16.0000008E-3,
,,,7.31999893E-3,16.0000008E-3,
,,,7.33999861E-3,16.0000008E-3,
,,,7.35999877E-3,16.0000008E-3,
,,,7.37999892E-3,16.0000008E-3,
,,,7.399998605E-3,16.0000008E-3,
,,,7.419998758E-3,16.0000008E-3,
,,,7.439998910E-3,16.0000008E-3,
,,,7.459998596E-3,16.0000008E-3,
,,,7.479998749E-3,8.000000380E-3,
,,,7.499998901E-3,16.0000008E-3,
,,,7.519998588E-3,8.000000380E-3,
,,,7.539998740E-3,16.0000008E-3,
,,,7.559998892E-3,8.000000380E-3,
,,,7.579998579E-3,16.0000008E-3,
,,,7.599998731E-3,8.000000380E-3,
,,,7.619998883E-3,16.0000008E-3,
,,,7.639998570E-3,8.000000380E-3,
,,,7.659998722E-3,8.000000380E-3,
,,,7.679998875E-3,8.000000380E-3,
,,,7.699998561E-3,8.000000380E-3,
,,,7.719998714E-3,8.000000380E-3,
,,,7.739998866E-3,16.0000008E-3,
,,,7.759998553E-3,16.0000008E-3,
,,,7.779998705E-3,16.0000008E-3,
,,,7.799998857E-3,16.0000008E-3,
,,,7.819999009E-3,16.0000008E-3,
,,,7.839999162E-3,16.0000008E-3,
,,,7.859998383E-3,16.0000008E-3,
,,,7.879998535E-3,16.0000008E-3,
,,,7.899998687E-3,8.000000380E-3,
,,,7.919998839E-3,16.0000008E-3,
,,,7.939998992E-3,16.0000008E-3,
,,,7.959999144E-3,8.000000380E-3,
,,,7.979998365E-3,16.0000008E-3,
,,,7.999998517E-3,8.000000380E-3,
,,,8.019998670E-3,8.000000380E-3,
,,,8.039998822E-3,8.000000380E-3,
,,,8.059998974E-3,16.0000008E-3,
,,,8.079999126E-3,16.0000008E-3,
,,,8.099998347E-3,8.000000380E-3,
,,,8.119998500E-3,16.0000008E-3,
,,,8.139998652E-3,16.0000008E-3,
,,,8.159998804E-3,16.0000008E-3,
,,,8.179998957E-3,16.0000008E-3,
,,,8.199999109E-3,8.000000380E-3,
,,,8.219998330E-3,8.000000380E-3,
,,,8.239998482E-3,16.0000008E-3,
,,,8.259998634E-3,16.0000008E-3,
,,,8.279998787E-3,16.0000008E-3,
,,,8.299998939E-3,16.0000008E-3,
,,,8.319999091E-3,16.0000008E-3,
,,,8.339998312E-3,16.0000008E-3,
,,,8.359998465E-3,16.0000008E-3,
,,,8.379998617E-3,16.0000008E-3,
,,,8.399998769E-3,16.0000008E-3,
,,,8.419998921E-3,16.0000008E-3,
,,,8.439999074E-3,16.0000008E-3,
,,,8.459998295E-3,8.000000380E-3,
,,,8.479998447E-3,16.0000008E-3,
,,,8.499998599E-3,16.0000008E-3,
,,,8.519998752E-3,16.0000008E-3,
,,,8.539998904E-3,16.0000008E-3,
,,,8.559999056E-3,8.000000380E-3,
,,,8.579999208E-3,16.0000008E-3,
,,,8.599998429E-3,16.0000008E-3,
,,,8.619998582E-3,16.0000008E-3,
,,,8.639998734E-3,16.0000008E-3,
,,,8.659998886E-3,16.0000008E-3,
,,,8.679999039E-3,16.0000008E-3,
,,,8.699999191E-3,16.0000008E-3,
,,,8.719998412E-3,8.000000380E-3,
,,,8.739998564E-3,16.0000008E-3,
,,,8.759998716E-3,8.000000380E-3,
,,,8.779998869E-3,16.0000008E-3,
,,,8.799999021E-3,16.0000008E-3,
,,,8.819999173E-3,16.0000008E-3,
,,,8.839998394E-3,16.0000008E-3,
,,,8.859998547E-3,16.0000008E-3,
,,,8.879998699E-3,8.000000380E-3,
,,,8.899998851E-3,16.0000008E-3,
,,,8.919999003E-3,8.000000380E-3,
,,,8.939999156E-3,16.0000008E-3,
,,,8.959998377E-3,16.0000008E-3,
,,,8.979998529E-3,16.0000008E-3,
,,,8.999998681E-3,8.000000380E-3,
,,,9.019998834E-3,16.0000008E-3,
,,,9.039998986E-3,8.000000380E-3,
,,,9.059999138E-3,16.0000008E-3,
,,,9.079998359E-3,16.0000008E-3,
,,,9.099998511E-3,16.0000008E-3,
,,,9.119998664E-3,16.0000008E-3,
,,,9.139998816E-3,16.0000008E-3,
,,,9.159998968E-3,16.0000008E-3,
,,,9.179999121E-3,16.0000008E-3,
,,,9.199998342E-3,16.0000008E-3,
,,,9.219998494E-3,16.0000008E-3,
,,,9.239998646E-3,16.0000008E-3,
,,,9.259998798E-3,16.0000008E-3,
,,,9.279998951E-3,16.0000008E-3,
,,,9.299999103E-3,16.0000008E-3,
,,,9.319998324E-3,16.0000008E-3,
,,,9.339998476E-3,16.0000008E-3,
,,,9.359998628E-3,8.000000380E-3,
,,,9.379998781E-3,16.0000008E-3,
,,,9.399998933E-3,16.0000008E-3,
,,,9.419999085E-3,16.0000008E-3,
,,,9.439998306E-3,16.0000008E-3,
,,,9.459998459E-3,16.0000008E-3,
,,,9.479998611E-3,16.0000008E-3,
,,,9.499998763E-3,16.0000008E-3,
,,,9.519998915E-3,8.000000380E-3,
,,,9.539999068E-3,16.0000008E-3,
,,,9.559998289E-3,16.0000008E-3,
,,,9.579998441E-3,16.0000008E-3,
,,,9.599998593E-3,16.0000008E-3,
,,,9.619998746E-3,16.0000008E-3,
,,,9.639998898E-3,16.0000008E-3,
,,,9.659999050E-3,16.0000008E-3,
,,,9.679998271E-3,16.0000008E-3,
,,,9.699998423E-3,16.0000008E-3,
,,,9.719998576E-3,16.0000008E-3,
,,,9.739998728E-3,16.0000008E-3,
,,,9.759998880E-3,16.0000008E-3,
,,,9.779999033E-3,16.0000008E-3,
,,,9.799998254E-3,16.0000008E-3,
,,,9.819998406E-3,16.0000008E-3,
,,,9.839998558E-3,16.0000008E-3,
,,,9.859998710E-3,16.0000008E-3,
,,,9.879998863E-3,16.0000008E-3,
,,,9.899999015E-3,8.000000380E-3,
,,,9.919999167E-3,16.0000008E-3,
,,,9.939998388E-3,16.0000008E-3,
,,,9.959998541E-3,8.000000380E-3,
,,,9.979998693E-3,16.0000008E-3,
,,,9.999998845E-3,8.000000380E-3,
,,,10.0199990E-3,16.0000008E-3,
,,,10.0399991E-3,16.0000008E-3,
,,,10.0599984E-3,16.0000008E-3,
,,,10.0799985E-3,16.0000008E-3,
,,,10.0999987E-3,8.000000380E-3,
,,,10.1199988E-3,16.0000008E-3,
,,,10.1399990E-3,16.0000008E-3,
,,,10.1599991E-3,16.0000008E-3,
,,,10.1799984E-3,16.0000008E-3,
,,,10.1999985E-3,16.0000008E-3,
,,,10.2199987E-3,8.000000380E-3,
,,,10.2399988E-3,16.0000008E-3,
,,,10.2599990E-3,16.0000008E-3,
,,,10.2799991E-3,16.0000008E-3,
,,,10.2999983E-3,16.0000008E-3,
,,,10.3199985E-3,16.0000008E-3,
,,,10.3399986E-3,16.0000008E-3,
,,,10.3599988E-3,16.0000008E-3,
,,,10.3799989E-3,16.0000008E-3,
,,,10.3999991E-3,16.0000008E-3,
,,,10.4199983E-3,16.0000008E-3,
,,,10.4399985E-3,16.0000008E-3,
,,,10.4599986E-3,16.0000008E-3,
,,,10.4799988E-3,8.000000380E-3,
,,,10.4999989E-3,16.0000008E-3,
,,,10.5199991E-3,16.0000008E-3,
,,,10.5399983E-3,16.0000008E-3,
,,,10.5599985E-3,16.0000008E-3,
,,,10.5799986E-3,8.000000380E-3,
,,,10.5999988E-3,16.0000008E-3,
,,,10.6199989E-3,8.000000380E-3,
,,,10.6399991E-3,16.0000008E-3,
,,,10.6599983E-3,16.0000008E-3,
,,,10.6799984E-3,16.0000008E-3,
,,,10.6999986E-3,16.0000008E-3,
,,,10.7199987E-3,16.0000008E-3,
,,,10.7399989E-3,16.0000008E-3,
,,,10.7599990E-3,16.0000008E-3,
,,,10.7799983E-3,16.0000008E-3,
,,,10.7999984E-3,16.0000008E-3,
,,,10.8199986E-3,16.0000008E-3,
,,,10.8399987E-3,16.0000008E-3,
,,,10.8599989E-3,16.0000008E-3,
,,,10.8799990E-3,16.0000008E-3,
,,,10.8999982E-3,16.0000008E-3,
,,,10.9199984E-3,16.0000008E-3,
,,,10.9399986E-3,16.0000008E-3,
,,,10.9599987E-3,16.0000008E-3,
,,,10.9799989E-3,16.0000008E-3,
,,,10.9999990E-3,8.000000380E-3,
,,,11.0199982E-3,8.000000380E-3,
,,,11.0399984E-3,16.0000008E-3,
,,,11.0599985E-3,16.0000008E-3,
,,,11.0799987E-3,8.000000380E-3,
,,,11.0999988E-3,16.0000008E-3,
,,,11.1199990E-3,16.0000008E-3,
,,,11.1399991E-3,16.0000008E-3,
,,,11.1599984E-3,16.0000008E-3,
,,,11.1799985E-3,8.000000380E-3,
,,,11.1999987E-3,16.0000008E-3,
,,,11.2199988E-3,16.0000008E-3,
,,,11.2399990E-3,16.0000008E-3,
,,,11.2599991E-3,16.0000008E-3,
,,,11.2799983E-3,16.0000008E-3,
,,,11.2999985E-3,16.0000008E-3,
,,,11.3199987E-3,16.0000008E-3,
,,,11.3399988E-3,16.0000008E-3,
,,,11.3599990E-3,16.0000008E-3,
,,,11.3799991E-3,16.0000008E-3,
,,,11.3999983E-3,16.0000008E-3,
,,,11.4199985E-3,16.0000008E-3,
,,,11.4399986E-3,8.000000380E-3,
,,,11.4599988E-3,16.0000008E-3,
,,,11.4799989E-3,16.0000008E-3,
,,,11.4999991E-3,8.000000380E-3,
,,,11.5199983E-3,16.0000008E-3,
,,,11.5399985E-3,8.000000380E-3,
,,,11.5599986E-3,16.0000008E-3,
,,,11.5799988E-3,16.0000008E-3,
,,,11.5999989E-3,16.0000008E-3,
,,,11.6199991E-3,8.000000380E-3,
,,,11.6399983E-3,16.0000008E-3,
,,,11.6599984E-3,16.0000008E-3,
,,,11.6799986E-3,16.0000008E-3,
,,,11.6999988E-3,16.0000008E-3,
,,,11.7199989E-3,8.000000380E-3,
,,,11.7399991E-3,16.0000008E-3,
,,,11.7599983E-3,16.0000008E-3,
,,,11.7799984E-3,16.0000008E-3,
,,,11.7999986E-3,16.0000008E-3,
,,,11.8199987E-3,16.0000008E-3,
,,,11.8399989E-3,16.0000008E-3,
,,,11.8599990E-3,8.000000380E-3,
,,,11.8799983E-3,8.000000380E-3,
,,,11.8999984E-3,8.000000380E-3,
,,,11.9199986E-3,16.0000008E-3,
,,,11.9399987E-3,16.0000008E-3,
,,,11.9599989E-3,16.0000008E-3,
,,,11.9799990E-3,16.0000008E-3,
,,,11.9999982E-3,8.000000380E-3,
,,,12.0199984E-3,16.0000008E-3,
,,,12.0399985E-3,16.0000008E-3,
,,,12.0599987E-3,16.0000008E-3,
,,,12.0799989E-3,8.000000380E-3,
,,,12.0999990E-3,8.000000380E-3,
,,,12.1199982E-3,8.000000380E-3,
,,,12.1399984E-3,16.0000008E-3,
,,,12.1599985E-3,16.0000008E-3,
,,,12.1799987E-3,8.000000380E-3,
,,,12.1999988E-3,8.000000380E-3,
,,,12.2199990E-3,16.0000008E-3,
,,,12.2399982E-3,16.0000008E-3,
,,,12.2599984E-3,16.0000008E-3,
,,,12.2799985E-3,16.0000008E-3,
,,,12.2999987E-3,16.0000008E-3,
,,,12.3199988E-3,16.0000008E-3,
,,,12.3399990E-3,16.0000008E-3,
,,,12.3599991E-3,16.0000008E-3,
,,,12.3799983E-3,16.0000008E-3,
,,,12.3999985E-3,8.000000380E-3,
,,,12.4199986E-3,16.0000008E-3,
,,,12.4399988E-3,16.0000008E-3,
,,,12.4599990E-3,16.0000008E-3,
,,,12.4799991E-3,16.0000008E-3,
,,,12.4999983E-3,16.0000008E-3,
,,,12.5199985E-3,8.000000380E-3,
,,,12.5399986E-3,16.0000008E-3,
,,,12.5599988E-3,16.0000008E-3,
,,,12.5799989E-3,16.0000008E-3,
,,,12.5999991E-3,16.0000008E-3,
,,,12.6199983E-3,16.0000008E-3,
,,,12.6399985E-3,16.0000008E-3,
,,,12.6599986E-3,16.0000008E-3,
,,,12.6799988E-3,8.000000380E-3,
,,,12.6999989E-3,16.0000008E-3,
,,,12.7199991E-3,16.0000008E-3,
,,,12.7399983E-3,16.0000008E-3,
,,,12.7599984E-3,16.0000008E-3,
,,,12.7799986E-3,16.0000008E-3,
,,,12.7999987E-3,8.000000380E-3,
,,,12.8199989E-3,16.0000008E-3,
,,,12.8399990E-3,16.0000008E-3,
,,,12.8599983E-3,16.0000008E-3,
,,,12.8799984E-3,8.000000380E-3,
,,,12.8999986E-3,16.0000008E-3,
,,,12.9199987E-3,16.0000008E-3,
,,,12.9399989E-3,16.0000008E-3,
,,,12.9599990E-3,16.0000008E-3,
,,,12.9799983E-3,16.0000008E-3,
,,,12.9999984E-3,16.0000008E-3,
,,,13.0199986E-3,8.000000380E-3,
,,,13.0399987E-3,16.0000008E-3,
,,,13.0599989E-3,8.000000380E-3,
,,,13.0799990E-3,16.0000008E-3,
,,,13.0999982E-3,16.0000008E-3,
,,,13.1199984E-3,16.0000008E-3,
,,,13.1399985E-3,16.0000008E-3,
,,,13.1599987E-3,16.0000008E-3,
,,,13.1799988E-3,16.0000008E-3,
,,,13.1999990E-3,16.0000008E-3,
,,,13.2199982E-3,16.0000008E-3,
,,,13.2399984E-3,16.0000008E-3,
,,,13.2599985E-3,16.0000008E-3,
,,,13.2799987E-3,16.0000008E-3,
,,,13.2999988E-3,16.0000008E-3,
,,,13.3199990E-3,16.0000008E-3,
,,,13.3399982E-3,16.0000008E-3,
,,,13.3599984E-3,16.0000008E-3,
,,,13.3799985E-3,16.0000008E-3,
,,,13.3999987E-3,8.000000380E-3,
,,,13.4199988E-3,16.0000008E-3,
,,,13.4399990E-3,16.0000008E-3,
,,,13.4599982E-3,16.0000008E-3,
,,,13.4799983E-3,16.0000008E-3,
,,,13.4999985E-3,16.0000008E-3,
,,,13.5199986E-3,16.0000008E-3,
,,,13.5399988E-3,16.0000008E-3,
,,,13.5599989E-3,16.0000008E-3,
,,,13.5799982E-3,16.0000008E-3,
,,,13.5999983E-3,16.0000008E-3,
,,,13.6199985E-3,16.0000008E-3,
,,,13.6399986E-3,16.0000008E-3,
,,,13.6599988E-3,8.000000380E-3,
,,,13.6799989E-3,16.0000008E-3,
,,,13.6999991E-3,16.0000008E-3,
,,,13.7199983E-3,16.0000008E-3,
,,,13.7399985E-3,16.0000008E-3,
,,,13.7599986E-3,16.0000008E-3,
,,,13.7799988E-3,16.0000008E-3,
,,,13.7999989E-3,16.0000008E-3,
,,,13.8199991E-3,16.0000008E-3,
,,,13.8399983E-3,16.0000008E-3,
,,,13.8599984E-3,16.0000008E-3,
,,,13.8799986E-3,16.0000008E-3,
,,,13.8999987E-3,16.0000008E-3,
,,,13.9199989E-3,16.0000008E-3,
,,,13.9399990E-3,16.0000008E-3,
,,,13.9599983E-3,16.0000008E-3,
,,,13.9799984E-3,8.000000380E-3,
,,,13.9999986E-3,16.0000008E-3,
,,,14.0199987E-3,16.0000008E-3,
,,,14.0399989E-3,16.0000008E-3,
,,,14.0599990E-3,16.0000008E-3,
,,,14.0799982E-3,16.0000008E-3,
,,,14.0999984E-3,8.000000380E-3,
,,,14.1199986E-3,8.000000380E-3,
,,,14.1399987E-3,16.0000008E-3,
,,,14.1599989E-3,16.0000008E-3,
,,,14.1799990E-3,16.0000008E-3,
,,,14.1999982E-3,16.0000008E-3,
,,,14.2199984E-3,16.0000008E-3,
,,,14.2399985E-3,16.0000008E-3,
,,,14.2599987E-3,16.0000008E-3,
,,,14.2799988E-3,8.000000380E-3,
,,,14.2999990E-3,16.0000008E-3,
,,,14.3199982E-3,16.0000008E-3,
,,,14.3399984E-3,16.0000008E-3,
,,,14.3599985E-3,16.0000008E-3,
,,,14.3799987E-3,16.0000008E-3,
,,,14.3999988E-3,16.0000008E-3,
,,,14.4199990E-3,16.0000008E-3,
,,,14.4399982E-3,16.0000008E-3,
,,,14.4599983E-3,16.0000008E-3,
,,,14.4799985E-3,16.0000008E-3,
,,,14.4999987E-3,16.0000008E-3,
,,,14.5199988E-3,16.0000008E-3,
,,,14.5399990E-3,16.0000008E-3,
,,,14.5599982E-3,16.0000008E-3,
,,,14.5799983E-3,16.0000008E-3,
,,,14.5999985E-3,16.0000008E-3,
,,,14.6199986E-3,16.0000008E-3,
,,,14.6399988E-3,16.0000008E-3,
,,,14.6599989E-3,8.000000380E-3,
,,,14.6799982E-3,16.0000008E-3,
,,,14.6999983E-3,16.0000008E-3,
,,,14.7199985E-3,8.000000380E-3,
,,,14.7399986E-3,8.000000380E-3,
,,,14.7599988E-3,16.0000008E-3,
,,,14.7799989E-3,8.000000380E-3,
,,,14.7999981E-3,16.0000008E-3,
,,,14.8199983E-3,16.0000008E-3,
,,,14.8399984E-3,16.0000008E-3,
,,,14.8599986E-3,16.0000008E-3,
,,,14.8799988E-3,16.0000008E-3,
,,,14.8999989E-3,16.0000008E-3,
,,,14.9199981E-3,8.000000380E-3,
,,,14.9399983E-3,8.000000380E-3,
,,,14.9599984E-3,16.0000008E-3,
,,,14.9799986E-3,16.0000008E-3,
